{"stats":{"minecraft:dropped":{"minecraft:diamond_leggings":1},"minecraft:mined":{"minecraft:white_bed":1,"minecraft:birch_leaves":4,"minecraft:powder_snow":6,"minecraft:short_grass":52,"minecraft:grass_block":1,"minecraft:dirt":1,"minecraft:tall_grass":1,"minecraft:mangrove_propagule":4,"minecraft:oak_leaves":10},"minecraft:custom":{"minecraft:time_since_rest":18722,"minecraft:damage_taken":1607,"minecraft:open_enderchest":2,"minecraft:sprint_one_cm":368658,"minecraft:walk_one_cm":136275,"minecraft:mob_kills":6,"minecraft:drop":1,"minecraft:damage_dealt":390,"minecraft:swim_one_cm":48557,"minecraft:fly_one_cm":337422,"minecraft:open_barrel":2,"minecraft:open_chest":8,"minecraft:crouch_one_cm":2193,"minecraft:play_time":64958,"minecraft:deaths":2,"minecraft:sneak_time":682,"minecraft:walk_under_water_one_cm":2642,"minecraft:boat_one_cm":17404,"minecraft:jump":1599,"minecraft:leave_game":1,"minecraft:walk_on_water_one_cm":37183,"minecraft:time_since_death":18646,"minecraft:sleep_in_bed":3,"minecraft:climb_one_cm":1532,"minecraft:total_world_time":64958,"minecraft:fall_one_cm":48808},"minecraft:picked_up":{"minecraft:stick":1,"minecraft:cooked_beef":12,"minecraft:potato":1,"minecraft:white_bed":1,"minecraft:dirt":2,"minecraft:bone":64,"minecraft:rotten_flesh":4,"minecraft:diamond_leggings":2,"minecraft:wheat_seeds":5,"minecraft:cobbled_deepslate":6,"minecraft:oak_sapling":4,"minecraft:mangrove_propagule":4,"minecraft:iron_boots":1},"minecraft:killed_by":{"minecraft:zombie":1},"minecraft:killed":{"minecraft:zombie":1},"minecraft:used":{"minecraft:cooked_mutton":7,"minecraft:netherite_sword":4,"minecraft:dirt":1,"minecraft:oak_sapling":4,"minecraft:potato":1,"minecraft:cooked_beef":12,"minecraft:cobbled_deepslate":6}},"DataVersion":3953}