{"stats":{"minecraft:dropped":{"minecraft:diamond_leggings":1},"minecraft:mined":{"minecraft:white_bed":1},"minecraft:custom":{"minecraft:open_barrel":2,"minecraft:time_since_rest":1787,"minecraft:open_chest":3,"minecraft:walk_one_cm":18277,"minecraft:play_time":5997,"minecraft:sprint_one_cm":5441,"minecraft:open_enderchest":2,"minecraft:damage_taken":500,"minecraft:deaths":1,"minecraft:walk_under_water_one_cm":63,"minecraft:drop":1,"minecraft:jump":53,"minecraft:damage_dealt":99,"minecraft:time_since_death":1732,"minecraft:walk_on_water_one_cm":2708,"minecraft:sleep_in_bed":3,"minecraft:total_world_time":5997,"minecraft:climb_one_cm":1026,"minecraft:swim_one_cm":1521,"minecraft:fall_one_cm":665,"minecraft:fly_one_cm":1749},"minecraft:picked_up":{"minecraft:rotten_flesh":4,"minecraft:diamond_leggings":2,"minecraft:white_bed":1,"minecraft:iron_boots":1},"minecraft:killed_by":{"minecraft:zombie":1}},"DataVersion":3953}