{"stats":{"minecraft:dropped":{"minecraft:diamond_leggings":1},"minecraft:mined":{"minecraft:white_bed":1,"minecraft:birch_leaves":4,"minecraft:short_grass":51,"minecraft:dirt":1,"minecraft:tall_grass":1,"minecraft:oak_leaves":7},"minecraft:custom":{"minecraft:time_since_rest":7761,"minecraft:damage_taken":1462,"minecraft:open_enderchest":2,"minecraft:sprint_one_cm":284504,"minecraft:walk_one_cm":111453,"minecraft:mob_kills":6,"minecraft:drop":1,"minecraft:damage_dealt":390,"minecraft:swim_one_cm":42810,"minecraft:fly_one_cm":272604,"minecraft:open_barrel":2,"minecraft:open_chest":8,"minecraft:crouch_one_cm":1884,"minecraft:play_time":53997,"minecraft:deaths":2,"minecraft:sneak_time":618,"minecraft:walk_under_water_one_cm":1729,"minecraft:boat_one_cm":17404,"minecraft:jump":1278,"minecraft:walk_on_water_one_cm":26270,"minecraft:time_since_death":7685,"minecraft:sleep_in_bed":3,"minecraft:climb_one_cm":1099,"minecraft:total_world_time":53997,"minecraft:fall_one_cm":39310},"minecraft:picked_up":{"minecraft:stick":1,"minecraft:cooked_beef":12,"minecraft:potato":1,"minecraft:white_bed":1,"minecraft:dirt":1,"minecraft:bone":64,"minecraft:rotten_flesh":4,"minecraft:diamond_leggings":2,"minecraft:wheat_seeds":5,"minecraft:cobbled_deepslate":6,"minecraft:oak_sapling":3,"minecraft:iron_boots":1},"minecraft:killed_by":{"minecraft:zombie":1},"minecraft:killed":{"minecraft:zombie":1},"minecraft:used":{"minecraft:netherite_sword":4,"minecraft:oak_sapling":3,"minecraft:cooked_beef":12,"minecraft:cobbled_deepslate":6}},"DataVersion":3953}