{"stats":{"minecraft:dropped":{"minecraft:diamond_leggings":1},"minecraft:mined":{"minecraft:short_grass":3,"minecraft:white_bed":1,"minecraft:oak_leaves":4},"minecraft:custom":{"minecraft:open_barrel":2,"minecraft:time_since_rest":13787,"minecraft:open_chest":4,"minecraft:crouch_one_cm":141,"minecraft:walk_one_cm":47372,"minecraft:play_time":17997,"minecraft:sprint_one_cm":71198,"minecraft:open_enderchest":2,"minecraft:damage_taken":750,"minecraft:deaths":1,"minecraft:sneak_time":32,"minecraft:walk_under_water_one_cm":91,"minecraft:drop":1,"minecraft:jump":446,"minecraft:damage_dealt":99,"minecraft:time_since_death":13732,"minecraft:walk_on_water_one_cm":8049,"minecraft:sleep_in_bed":3,"minecraft:total_world_time":17997,"minecraft:climb_one_cm":1099,"minecraft:swim_one_cm":5840,"minecraft:fall_one_cm":13317,"minecraft:fly_one_cm":93194},"minecraft:picked_up":{"minecraft:cooked_beef":12,"minecraft:bone":64,"minecraft:rotten_flesh":4,"minecraft:diamond_leggings":2,"minecraft:cobbled_deepslate":6,"minecraft:white_bed":1,"minecraft:oak_sapling":3,"minecraft:iron_boots":1},"minecraft:killed_by":{"minecraft:zombie":1},"minecraft:used":{"minecraft:oak_sapling":3,"minecraft:cooked_beef":4}},"DataVersion":3953}