{"stats":{"minecraft:picked_up":{"minecraft:oak_log":3},"minecraft:mined":{"minecraft:oak_log":3,"minecraft:oak_leaves":4},"minecraft:custom":{"minecraft:jump":37,"minecraft:time_since_rest":3162,"minecraft:play_time":3162,"minecraft:crouch_one_cm":761,"minecraft:leave_game":6,"minecraft:sprint_one_cm":3004,"minecraft:time_since_death":3162,"minecraft:walk_one_cm":3465,"minecraft:sneak_time":216,"minecraft:total_world_time":3162,"minecraft:fall_one_cm":1107,"minecraft:fly_one_cm":7665},"minecraft:used":{"minecraft:oak_log":3}},"DataVersion":3953}