{"stats":{"minecraft:picked_up":{"minecraft:wooden_axe":1,"minecraft:iron_chestplate":1,"minecraft:crafting_table":10,"minecraft:wheat":39,"minecraft:chicken":36,"minecraft:ladder":2,"minecraft:diamond_sword":2,"minecraft:wooden_pickaxe":2,"minecraft:music_disc_creator":1,"minecraft:shield":6,"minecraft:string":7,"minecraft:iron_axe":3,"minecraft:raw_copper":50,"minecraft:acacia_door":5,"minecraft:iron_leggings":2,"minecraft:iron_shovel":3,"minecraft:glass_pane":7,"minecraft:diamond_leggings":2,"minecraft:cobbled_deepslate":162,"minecraft:bucket":3,"minecraft:beef":37,"minecraft:poppy":8,"minecraft:iron_pickaxe":2,"minecraft:sugar_cane":68,"minecraft:chest":2,"minecraft:egg":10,"minecraft:iron_boots":1,"minecraft:furnace":13,"minecraft:stick":64,"minecraft:raw_iron":239,"minecraft:acacia_fence":89,"minecraft:oak_fence":6,"minecraft:torch":165,"minecraft:acacia_log":214,"minecraft:porkchop":70,"minecraft:pointed_dripstone":1,"minecraft:cherry_log":6,"minecraft:carrot":1,"minecraft:redstone":123,"minecraft:diamond_chestplate":2,"minecraft:stone_sword":3,"minecraft:arrow":30,"minecraft:rotten_flesh":90,"minecraft:shears":1,"minecraft:diamond_boots":2,"minecraft:armadillo_scute":24,"minecraft:gold_ingot":14,"minecraft:obsidian":13,"minecraft:mutton":25,"minecraft:cobblestone":894,"minecraft:white_wool":18,"minecraft:feather":61,"minecraft:cooked_beef":3,"minecraft:glow_ink_sac":4,"minecraft:andesite":7,"minecraft:leather":12,"minecraft:wolf_armor":3,"minecraft:flint":2,"minecraft:tuff":4,"minecraft:oak_log":182,"minecraft:yellow_bed":1,"minecraft:gunpowder":1,"minecraft:lapis_lazuli":343,"minecraft:dirt":399,"minecraft:glass":32,"minecraft:bone":47,"minecraft:acacia_planks":87,"minecraft:apple":5,"minecraft:bow":2,"minecraft:wheat_seeds":143,"minecraft:raw_gold":76,"minecraft:iron_ingot":46,"minecraft:stone_pickaxe":4,"minecraft:cooked_chicken":8,"minecraft:diamond_helmet":2,"minecraft:acacia_sapling":10,"minecraft:oak_planks":766,"minecraft:iron_sword":3,"minecraft:cooked_porkchop":31,"minecraft:dandelion":5,"minecraft:gravel":5,"minecraft:sand":306,"minecraft:ink_sac":6,"minecraft:white_bed":3,"minecraft:grass_block":1,"minecraft:spider_eye":1,"minecraft:iron_hoe":3,"minecraft:diamond":46,"minecraft:stone_axe":2,"minecraft:iron_helmet":1,"minecraft:granite":4,"minecraft:oak_sapling":13,"minecraft:coal":778,"minecraft:diamond_pickaxe":2},"minecraft:mined":{"minecraft:tuff":2,"minecraft:white_bed":3,"minecraft:deepslate_diamond_ore":34,"minecraft:cherry_log":6,"minecraft:obsidian":15,"minecraft:granite":3,"minecraft:acacia_log":214,"minecraft:grass_block":220,"minecraft:tall_seagrass":1,"minecraft:redstone_ore":5,"minecraft:furnace":11,"minecraft:iron_ore":134,"minecraft:cobbled_deepslate":2,"minecraft:andesite":3,"minecraft:deepslate_lapis_ore":17,"minecraft:deepslate_iron_ore":67,"minecraft:stone":382,"minecraft:deepslate_redstone_ore":7,"minecraft:acacia_leaves":12,"minecraft:glass_pane":1,"minecraft:dandelion":5,"minecraft:powder_snow":3,"minecraft:oak_fence":2,"minecraft:crafting_table":7,"minecraft:torch":10,"minecraft:short_grass":489,"minecraft:poppy":4,"minecraft:chest":2,"minecraft:cobblestone":5,"minecraft:copper_ore":13,"minecraft:tall_grass":45,"minecraft:deepslate_gold_ore":49,"minecraft:sugar_cane":24,"minecraft:oak_planks":15,"minecraft:wall_torch":5,"minecraft:seagrass":1,"minecraft:wheat":28,"minecraft:birch_leaves":5,"minecraft:oak_log":152,"minecraft:coal_ore":418,"minecraft:gravel":7,"minecraft:acacia_fence":42,"minecraft:cherry_leaves":1,"minecraft:acacia_door":1,"minecraft:sand":147,"minecraft:dirt":69,"minecraft:acacia_planks":87,"minecraft:gold_ore":6,"minecraft:oak_leaves":16,"minecraft:deepslate":88},"minecraft:killed_by":{"minecraft:player":1,"minecraft:creeper":2,"minecraft:enderman":2,"minecraft:drowned":1,"minecraft:skeleton":1},"minecraft:custom":{"minecraft:mob_kills":213,"minecraft:animals_bred":7,"minecraft:interact_with_crafting_table":93,"minecraft:bell_ring":2,"minecraft:leave_game":5,"minecraft:time_since_death":24489,"minecraft:climb_one_cm":7460,"minecraft:sprint_one_cm":1321303,"minecraft:damage_blocked_by_shield":15310,"minecraft:walk_one_cm":1638171,"minecraft:drop":31,"minecraft:talked_to_villager":2,"minecraft:play_time":436602,"minecraft:deaths":9,"minecraft:sneak_time":22436,"minecraft:walk_under_water_one_cm":47581,"minecraft:jump":8829,"minecraft:interact_with_blast_furnace":27,"minecraft:walk_on_water_one_cm":94034,"minecraft:total_world_time":436602,"minecraft:interact_with_furnace":127,"minecraft:sleep_in_bed":15,"minecraft:time_since_rest":8053,"minecraft:damage_taken":8129,"minecraft:damage_dealt":22068,"minecraft:swim_one_cm":61607,"minecraft:fly_one_cm":1510796,"minecraft:open_chest":103,"minecraft:crouch_one_cm":52402,"minecraft:interact_with_smoker":24,"minecraft:fall_one_cm":236019},"minecraft:broken":{"minecraft:iron_shovel":1,"minecraft:stone_pickaxe":3,"minecraft:shield":3,"minecraft:brush":6,"minecraft:iron_axe":1,"minecraft:stone_axe":1,"minecraft:iron_pickaxe":2},"minecraft:killed":{"minecraft:spider":5,"minecraft:horse":1,"minecraft:skeleton":15,"minecraft:chicken":30,"minecraft:pig":33,"minecraft:zombie_villager":1,"minecraft:creeper":1,"minecraft:squid":3,"minecraft:sheep":16,"minecraft:zombie":30,"minecraft:enderman":2,"minecraft:cow":16},"minecraft:dropped":{"minecraft:wheat_seeds":19,"minecraft:lapis_lazuli":31,"minecraft:glow_ink_sac":2,"minecraft:crafting_table":1,"minecraft:apple":1,"minecraft:granite":1,"minecraft:dirt":66,"minecraft:wooden_axe":1,"minecraft:sand":48,"minecraft:acacia_door":1,"minecraft:sugar_cane":13,"minecraft:stone_sword":1,"minecraft:raw_copper":2,"minecraft:iron_hoe":1,"minecraft:oak_planks":1,"minecraft:music_disc_creator":1,"minecraft:ladder":1,"minecraft:spider_eye":1,"minecraft:stone_pickaxe":1,"minecraft:wooden_pickaxe":2,"minecraft:glass":16,"minecraft:egg":1},"minecraft:crafted":{"minecraft:cherry_planks":4,"minecraft:black_dye":6,"minecraft:smooth_stone":6,"minecraft:oak_planks":604,"minecraft:cooked_chicken":22,"minecraft:wolf_armor":10,"minecraft:furnace":11,"minecraft:blast_furnace":2,"minecraft:stone":6,"minecraft:bone_meal":27,"minecraft:flint_and_steel":1,"minecraft:cooked_mutton":39,"minecraft:glass_pane":48,"minecraft:glass":34,"minecraft:diamond_helmet":1,"minecraft:diamond_leggings":1,"minecraft:iron_boots":2,"minecraft:iron_axe":2,"minecraft:ladder":6,"minecraft:iron_hoe":1,"minecraft:stone_pickaxe":3,"minecraft:chest":6,"minecraft:diamond_boots":1,"minecraft:acacia_fence":15,"minecraft:oak_fence":39,"minecraft:smoker":2,"minecraft:cooked_beef":17,"minecraft:red_dye":2,"minecraft:diamond_sword":1,"minecraft:cooked_porkchop":65,"minecraft:crafting_table":10,"minecraft:wooden_pickaxe":1,"minecraft:iron_helmet":2,"minecraft:iron_sword":4,"minecraft:brush":6,"minecraft:copper_ingot":44,"minecraft:bucket":1,"minecraft:stone_axe":2,"minecraft:air":0,"minecraft:oak_fence_gate":1,"minecraft:iron_chestplate":2,"minecraft:diamond_pickaxe":1,"minecraft:yellow_dye":5,"minecraft:shield":11,"minecraft:stick":276,"minecraft:iron_ingot":202,"minecraft:iron_pickaxe":5,"minecraft:wooden_axe":1,"minecraft:stone_sword":2,"minecraft:iron_leggings":3,"minecraft:iron_shovel":3,"minecraft:acacia_door":3,"minecraft:gold_ingot":46,"minecraft:white_bed":4,"minecraft:acacia_planks":360,"minecraft:torch":576,"minecraft:shears":1,"minecraft:diamond_chestplate":1},"minecraft:used":{"minecraft:oak_fence":39,"minecraft:stone_sword":49,"minecraft:acacia_log":116,"minecraft:iron_shovel":344,"minecraft:flint_and_steel":1,"minecraft:ladder":5,"minecraft:chest":8,"minecraft:shield":225,"minecraft:iron_sword":297,"minecraft:cooked_chicken":16,"minecraft:rotten_flesh":10,"minecraft:torch":549,"minecraft:dirt":203,"minecraft:carrot":1,"minecraft:acacia_sapling":10,"minecraft:tuff":2,"minecraft:obsidian":11,"minecraft:oak_fence_gate":1,"minecraft:iron_hoe":181,"minecraft:wooden_axe":59,"minecraft:lava_bucket":1,"minecraft:iron_axe":371,"minecraft:furnace":15,"minecraft:oak_sapling":1,"minecraft:acacia_fence":41,"minecraft:cooked_beef":19,"minecraft:acacia_planks":404,"minecraft:cobbled_deepslate":70,"minecraft:cherry_log":5,"minecraft:wheat_seeds":108,"minecraft:cooked_mutton":24,"minecraft:water_bucket":66,"minecraft:stone_pickaxe":373,"minecraft:oak_planks":55,"minecraft:wooden_pickaxe":10,"minecraft:crafting_table":15,"minecraft:blast_furnace":2,"minecraft:white_bed":7,"minecraft:smoker":2,"minecraft:oak_log":2,"minecraft:diamond_pickaxe":47,"minecraft:acacia_door":5,"minecraft:iron_pickaxe":852,"minecraft:stone_axe":206,"minecraft:diamond_sword":23,"minecraft:cobblestone":18,"minecraft:cooked_porkchop":31,"minecraft:bucket":67,"minecraft:glass_pane":41,"minecraft:yellow_bed":1,"minecraft:brush":1,"minecraft:bone_meal":27}},"DataVersion":3953}