{"stats":{"minecraft:dropped":{"minecraft:lapis_lazuli":31,"minecraft:glow_ink_sac":2,"minecraft:ender_pearl":1,"minecraft:crafting_table":1,"minecraft:cooked_porkchop":1,"minecraft:warped_roots":3,"minecraft:dirt":66,"minecraft:sand":48,"minecraft:acacia_door":1,"minecraft:sugar_cane":13,"minecraft:rotten_flesh":1,"minecraft:oak_planks":1,"minecraft:music_disc_creator":1,"minecraft:poppy":2,"minecraft:ladder":1,"minecraft:glass":16,"minecraft:egg":1,"minecraft:wheat_seeds":19,"minecraft:apple":1,"minecraft:granite":1,"minecraft:wooden_axe":1,"minecraft:armadillo_scute":1,"minecraft:stone_sword":1,"minecraft:raw_copper":2,"minecraft:iron_hoe":1,"minecraft:spider_eye":1,"minecraft:stone_pickaxe":1,"minecraft:wooden_pickaxe":2},"minecraft:crafted":{"minecraft:black_dye":6,"minecraft:smooth_stone":6,"minecraft:oak_planks":604,"minecraft:cooked_chicken":22,"minecraft:wolf_armor":10,"minecraft:stone":6,"minecraft:cooked_mutton":39,"minecraft:glass":34,"minecraft:diamond_helmet":1,"minecraft:diamond_leggings":1,"minecraft:bow":1,"minecraft:iron_boots":2,"minecraft:chest":6,"minecraft:acacia_fence":15,"minecraft:oak_fence":39,"minecraft:smoker":2,"minecraft:arrow":20,"minecraft:cooked_porkchop":65,"minecraft:crafting_table":12,"minecraft:wooden_pickaxe":1,"minecraft:iron_helmet":2,"minecraft:brush":6,"minecraft:copper_ingot":44,"minecraft:iron_chestplate":2,"minecraft:diamond_pickaxe":1,"minecraft:yellow_dye":5,"minecraft:shield":11,"minecraft:stick":320,"minecraft:iron_ingot":202,"minecraft:iron_pickaxe":5,"minecraft:stone_sword":2,"minecraft:acacia_door":3,"minecraft:gold_ingot":64,"minecraft:shears":1,"minecraft:cherry_planks":4,"minecraft:furnace":11,"minecraft:blast_furnace":2,"minecraft:bone_meal":27,"minecraft:glass_pane":48,"minecraft:flint_and_steel":1,"minecraft:iron_axe":4,"minecraft:ladder":6,"minecraft:iron_hoe":1,"minecraft:stone_pickaxe":3,"minecraft:diamond_boots":1,"minecraft:cooked_beef":17,"minecraft:red_dye":2,"minecraft:diamond_sword":1,"minecraft:iron_sword":4,"minecraft:bucket":1,"minecraft:stone_axe":2,"minecraft:bread":39,"minecraft:air":0,"minecraft:oak_fence_gate":1,"minecraft:oak_boat":1,"minecraft:wooden_axe":1,"minecraft:iron_shovel":3,"minecraft:iron_leggings":3,"minecraft:white_bed":4,"minecraft:acacia_planks":360,"minecraft:torch":624,"minecraft:diamond_chestplate":1},"minecraft:mined":{"minecraft:white_bed":3,"minecraft:attached_melon_stem":1,"minecraft:cherry_log":6,"minecraft:obsidian":15,"minecraft:granite":3,"minecraft:acacia_log":214,"minecraft:grass_block":232,"minecraft:soul_soil":1,"minecraft:gilded_blackstone":2,"minecraft:tall_seagrass":1,"minecraft:cobbled_deepslate":226,"minecraft:iron_ore":134,"minecraft:fire":17,"minecraft:deepslate_lapis_ore":17,"minecraft:dirt_path":1,"minecraft:deepslate_redstone_ore":7,"minecraft:blackstone":63,"minecraft:melon_stem":3,"minecraft:smoker":2,"minecraft:powder_snow":3,"minecraft:torch":11,"minecraft:poppy":4,"minecraft:chest":2,"minecraft:cobblestone":33,"minecraft:oak_planks":15,"minecraft:grindstone":1,"minecraft:sugar_cane":24,"minecraft:wall_torch":9,"minecraft:seagrass":1,"minecraft:warped_nylium":1,"minecraft:wheat":172,"minecraft:warped_fungus":3,"minecraft:oak_log":152,"minecraft:cherry_button":192,"minecraft:acacia_fence":42,"minecraft:sand":147,"minecraft:dirt":108,"minecraft:acacia_sign":1,"minecraft:netherrack":9,"minecraft:oak_leaves":16,"minecraft:deepslate":88,"minecraft:nether_gold_ore":37,"minecraft:tuff":2,"minecraft:deepslate_diamond_ore":34,"minecraft:acacia_button":147,"minecraft:cartography_table":3,"minecraft:redstone_ore":5,"minecraft:furnace":11,"minecraft:nether_sprouts":1,"minecraft:andesite":3,"minecraft:deepslate_iron_ore":67,"minecraft:warped_stem":31,"minecraft:stone":383,"minecraft:bone_block":5,"minecraft:acacia_leaves":12,"minecraft:glass_pane":5,"minecraft:soul_sand":16,"minecraft:basalt":40,"minecraft:dandelion":5,"minecraft:oak_fence":2,"minecraft:crafting_table":9,"minecraft:short_grass":502,"minecraft:warped_roots":2,"minecraft:copper_ore":13,"minecraft:tall_grass":47,"minecraft:deepslate_gold_ore":49,"minecraft:warped_wart_block":1,"minecraft:birch_leaves":5,"minecraft:coal_ore":438,"minecraft:cherry_leaves":1,"minecraft:acacia_door":1,"minecraft:gravel":41,"minecraft:acacia_planks":113,"minecraft:oak_button":16,"minecraft:gold_ore":6,"minecraft:acacia_wall_sign":1},"minecraft:custom":{"minecraft:animals_bred":23,"minecraft:interact_with_crafting_table":104,"minecraft:bell_ring":6,"minecraft:leave_game":7,"minecraft:time_since_death":108671,"minecraft:sprint_one_cm":1547374,"minecraft:damage_blocked_by_shield":16225,"minecraft:drop":40,"minecraft:talked_to_villager":13,"minecraft:play_time":520784,"minecraft:deaths":9,"minecraft:jump":10432,"minecraft:walk_on_water_one_cm":104487,"minecraft:interact_with_furnace":127,"minecraft:sleep_in_bed":16,"minecraft:damage_dealt":25756,"minecraft:crouch_one_cm":70073,"minecraft:interact_with_smoker":24,"minecraft:mob_kills":229,"minecraft:climb_one_cm":9552,"minecraft:walk_one_cm":1983508,"minecraft:sneak_time":28075,"minecraft:walk_under_water_one_cm":49288,"minecraft:boat_one_cm":7462,"minecraft:interact_with_blast_furnace":27,"minecraft:total_world_time":520784,"minecraft:time_since_rest":32234,"minecraft:damage_taken":9110,"minecraft:swim_one_cm":70805,"minecraft:fly_one_cm":1783329,"minecraft:open_chest":155,"minecraft:fall_one_cm":276487},"minecraft:picked_up":{"minecraft:wooden_axe":1,"minecraft:iron_chestplate":1,"minecraft:wheat":182,"minecraft:diamond_sword":2,"minecraft:gilded_blackstone":2,"minecraft:string":9,"minecraft:raw_copper":50,"minecraft:iron_leggings":2,"minecraft:diamond_leggings":2,"minecraft:gold_nugget":165,"minecraft:cobbled_deepslate":384,"minecraft:bucket":3,"minecraft:acacia_sign":2,"minecraft:iron_pickaxe":2,"minecraft:iron_boots":1,"minecraft:furnace":13,"minecraft:stick":64,"minecraft:acacia_fence":89,"minecraft:oak_fence":6,"minecraft:torch":169,"minecraft:acacia_log":214,"minecraft:porkchop":70,"minecraft:cherry_log":6,"minecraft:pointed_dripstone":1,"minecraft:stone_sword":3,"minecraft:rotten_flesh":93,"minecraft:armadillo_scute":25,"minecraft:obsidian":13,"minecraft:cobblestone":923,"minecraft:feather":61,"minecraft:cooked_beef":3,"minecraft:andesite":7,"minecraft:smoker":2,"minecraft:flint":6,"minecraft:tuff":4,"minecraft:lapis_lazuli":343,"minecraft:dirt":454,"minecraft:glass":32,"minecraft:bone":50,"minecraft:acacia_planks":105,"minecraft:bow":2,"minecraft:wheat_seeds":537,"minecraft:raw_gold":76,"minecraft:grindstone":1,"minecraft:diamond_helmet":2,"minecraft:oak_planks":766,"minecraft:cooked_porkchop":32,"minecraft:warped_wart_block":1,"minecraft:sand":306,"minecraft:ink_sac":6,"minecraft:grass_block":1,"minecraft:iron_hoe":3,"minecraft:diamond":46,"minecraft:granite":4,"minecraft:oak_sapling":13,"minecraft:netherrack":9,"minecraft:diamond_pickaxe":2,"minecraft:crafting_table":12,"minecraft:chicken":36,"minecraft:ladder":2,"minecraft:wooden_pickaxe":2,"minecraft:music_disc_creator":1,"minecraft:acacia_button":143,"minecraft:shield":6,"minecraft:iron_axe":3,"minecraft:acacia_door":5,"minecraft:glass_pane":7,"minecraft:iron_shovel":3,"minecraft:blackstone":64,"minecraft:cartography_table":1,"minecraft:beef":37,"minecraft:oak_boat":2,"minecraft:poppy":8,"minecraft:sugar_cane":68,"minecraft:chest":2,"minecraft:egg":10,"minecraft:cherry_button":190,"minecraft:phantom_membrane":1,"minecraft:raw_iron":239,"minecraft:carrot":1,"minecraft:redstone":123,"minecraft:arrow":34,"minecraft:diamond_chestplate":2,"minecraft:shears":1,"minecraft:diamond_boots":2,"minecraft:gold_ingot":14,"minecraft:mutton":25,"minecraft:bone_block":5,"minecraft:white_wool":18,"minecraft:basalt":38,"minecraft:glow_ink_sac":4,"minecraft:leather":12,"minecraft:wolf_armor":3,"minecraft:oak_log":182,"minecraft:yellow_bed":1,"minecraft:gunpowder":1,"minecraft:apple":5,"minecraft:warped_stem":33,"minecraft:iron_ingot":46,"minecraft:stone_pickaxe":4,"minecraft:cooked_chicken":8,"minecraft:iron_sword":3,"minecraft:acacia_sapling":10,"minecraft:warped_fungus":7,"minecraft:dandelion":5,"minecraft:gravel":35,"minecraft:white_bed":3,"minecraft:spider_eye":2,"minecraft:stone_axe":2,"minecraft:iron_helmet":1,"minecraft:warped_roots":3,"minecraft:oak_button":16,"minecraft:melon_seeds":6,"minecraft:coal":798,"minecraft:ender_pearl":1},"minecraft:killed_by":{"minecraft:creeper":2,"minecraft:drowned":1,"minecraft:player":1,"minecraft:enderman":2,"minecraft:skeleton":1},"minecraft:killed":{"minecraft:spider":6,"minecraft:skeleton":19,"minecraft:chicken":30,"minecraft:piglin":2,"minecraft:pig":33,"minecraft:zombie_villager":1,"minecraft:creeper":1,"minecraft:sheep":16,"minecraft:zombie":33,"minecraft:cow":16,"minecraft:phantom":1,"minecraft:horse":1,"minecraft:squid":3,"minecraft:villager":2,"minecraft:enderman":5},"minecraft:used":{"minecraft:iron_shovel":448,"minecraft:ladder":5,"minecraft:shield":242,"minecraft:chest":8,"minecraft:iron_sword":297,"minecraft:rotten_flesh":10,"minecraft:carrot":1,"minecraft:acacia_sapling":10,"minecraft:tuff":2,"minecraft:obsidian":11,"minecraft:lava_bucket":1,"minecraft:oak_sapling":1,"minecraft:furnace":15,"minecraft:acacia_fence":41,"minecraft:stone_pickaxe":373,"minecraft:oak_planks":55,"minecraft:wooden_pickaxe":10,"minecraft:blast_furnace":2,"minecraft:acacia_door":5,"minecraft:bread":19,"minecraft:gravel":34,"minecraft:diamond_sword":145,"minecraft:oak_boat":2,"minecraft:bone_meal":27,"minecraft:oak_fence":39,"minecraft:stone_sword":49,"minecraft:acacia_log":116,"minecraft:flint_and_steel":2,"minecraft:cooked_chicken":16,"minecraft:torch":580,"minecraft:dirt":219,"minecraft:oak_fence_gate":1,"minecraft:iron_hoe":183,"minecraft:wooden_axe":59,"minecraft:iron_axe":791,"minecraft:cooked_beef":19,"minecraft:cobbled_deepslate":70,"minecraft:acacia_planks":404,"minecraft:cherry_log":5,"minecraft:wheat_seeds":175,"minecraft:cooked_mutton":24,"minecraft:water_bucket":66,"minecraft:crafting_table":18,"minecraft:white_bed":7,"minecraft:smoker":2,"minecraft:oak_log":2,"minecraft:diamond_pickaxe":492,"minecraft:iron_pickaxe":852,"minecraft:stone_axe":206,"minecraft:cobblestone":79,"minecraft:cooked_porkchop":36,"minecraft:bucket":67,"minecraft:glass_pane":41,"minecraft:yellow_bed":1,"minecraft:brush":1},"minecraft:broken":{"minecraft:iron_shovel":1,"minecraft:stone_pickaxe":3,"minecraft:stone_axe":1,"minecraft:shield":3,"minecraft:brush":6,"minecraft:iron_axe":2,"minecraft:iron_pickaxe":2}},"DataVersion":3953}