{"stats":{"minecraft:dropped":{"minecraft:wheat_seeds":1,"minecraft:diamond_leggings":1,"minecraft:lantern":8,"minecraft:granite":1,"minecraft:dirt":3,"minecraft:wooden_hoe":1,"minecraft:wooden_axe":2,"minecraft:mutton":1,"minecraft:cherry_planks":1,"minecraft:iron_axe":1,"minecraft:pink_petals":30,"minecraft:gravel":2,"minecraft:stone_axe":1,"minecraft:iron_boots":1,"minecraft:cherry_slab":2,"minecraft:carrot":36,"minecraft:diamond_pickaxe":1,"minecraft:sandstone":1,"minecraft:wooden_pickaxe":2},"minecraft:crafted":{"minecraft:cherry_planks":1636,"minecraft:cobbled_deepslate_slab":6,"minecraft:oak_planks":18,"minecraft:smooth_stone":7,"minecraft:cobblestone_slab":12,"minecraft:stone_shovel":22,"minecraft:fishing_rod":1,"minecraft:iron_nugget":54,"minecraft:cherry_slab":864,"minecraft:furnace":7,"minecraft:blast_furnace":1,"minecraft:cobblestone_stairs":1,"minecraft:stone":45,"minecraft:bone_meal":27,"minecraft:cooked_mutton":2,"minecraft:glass":686,"minecraft:cherry_trapdoor":2,"minecraft:lantern":6,"minecraft:iron_boots":1,"minecraft:ladder":9,"minecraft:iron_axe":3,"minecraft:melon_seeds":4,"minecraft:cherry_stairs":98,"minecraft:stone_pickaxe":8,"minecraft:chest":18,"minecraft:stone_bricks":4,"minecraft:smoker":2,"minecraft:glass_bottle":3,"minecraft:diamond_sword":1,"minecraft:cooked_porkchop":11,"minecraft:crafting_table":2,"minecraft:wooden_pickaxe":1,"minecraft:baked_potato":33,"minecraft:iron_helmet":1,"minecraft:iron_sword":1,"minecraft:cooked_salmon":27,"minecraft:pumpkin_seeds":16,"minecraft:stone_axe":4,"minecraft:bread":7,"minecraft:air":0,"minecraft:iron_chestplate":1,"minecraft:wooden_hoe":1,"minecraft:diamond_pickaxe":1,"minecraft:shield":1,"minecraft:stick":116,"minecraft:iron_ingot":105,"minecraft:iron_pickaxe":1,"minecraft:wooden_axe":1,"minecraft:deepslate_tile_stairs":25,"minecraft:iron_shovel":1,"minecraft:cherry_door":6,"minecraft:iron_leggings":1,"minecraft:stonecutter":1,"minecraft:torch":230},"minecraft:mined":{"minecraft:white_bed":4,"minecraft:farmland":6,"minecraft:deepslate_diamond_ore":7,"minecraft:sculk_vein":6,"minecraft:cherry_log":439,"minecraft:cherry_sapling":1,"minecraft:stripped_cherry_log":2,"minecraft:ladder":7,"minecraft:granite":105,"minecraft:grass_block":1888,"minecraft:deepslate_tile_stairs":8,"minecraft:sandstone":1,"minecraft:tall_seagrass":1,"minecraft:magma_block":7,"minecraft:furnace":7,"minecraft:carrots":168,"minecraft:iron_ore":42,"minecraft:cobbled_deepslate":3,"minecraft:andesite":4,"minecraft:moss_carpet":4,"minecraft:pumpkin":54,"minecraft:deepslate_lapis_ore":1,"minecraft:bell":5,"minecraft:potatoes":54,"minecraft:pointed_dripstone":5,"minecraft:cobblestone_slab":1,"minecraft:deepslate_iron_ore":10,"minecraft:dirt_path":13,"minecraft:lantern":1,"minecraft:stone":819,"minecraft:cherry_stairs":13,"minecraft:deepslate_redstone_ore":9,"minecraft:cherry_planks":147,"minecraft:smoker":2,"minecraft:observer":3,"minecraft:clay":5,"minecraft:crafting_table":9,"minecraft:torch":11,"minecraft:short_grass":270,"minecraft:blast_furnace":1,"minecraft:chest":8,"minecraft:cobblestone":6,"minecraft:glass":2,"minecraft:copper_ore":10,"minecraft:tall_grass":56,"minecraft:deepslate_gold_ore":21,"minecraft:sugar_cane":17,"minecraft:oak_planks":2,"minecraft:sculk":52,"minecraft:diorite":7,"minecraft:wall_torch":6,"minecraft:cherry_slab":41,"minecraft:pink_petals":82,"minecraft:seagrass":1,"minecraft:wheat":287,"minecraft:pumpkin_stem":5,"minecraft:coal_ore":270,"minecraft:oak_log":10,"minecraft:beetroots":1,"minecraft:cherry_leaves":28,"minecraft:sand":709,"minecraft:gravel":25,"minecraft:dripstone_block":2,"minecraft:dirt":433,"minecraft:stonecutter":1,"minecraft:netherrack":2,"minecraft:oak_leaves":3,"minecraft:deepslate":169},"minecraft:custom":{"minecraft:mob_kills":139,"minecraft:interact_with_crafting_table":157,"minecraft:bell_ring":68,"minecraft:leave_game":5,"minecraft:time_since_death":324561,"minecraft:climb_one_cm":13055,"minecraft:sprint_one_cm":1980635,"minecraft:walk_one_cm":1797045,"minecraft:damage_blocked_by_shield":1545,"minecraft:drop":66,"minecraft:talked_to_villager":3,"minecraft:play_time":509503,"minecraft:deaths":6,"minecraft:sneak_time":11267,"minecraft:walk_under_water_one_cm":61161,"minecraft:boat_one_cm":5692,"minecraft:jump":6278,"minecraft:interact_with_blast_furnace":10,"minecraft:walk_on_water_one_cm":66771,"minecraft:total_world_time":509503,"minecraft:interact_with_furnace":251,"minecraft:interact_with_cartography_table":1,"minecraft:interact_with_stonecutter":19,"minecraft:sleep_in_bed":26,"minecraft:time_since_rest":168117,"minecraft:damage_taken":6428,"minecraft:damage_dealt":21693,"minecraft:swim_one_cm":186905,"minecraft:fly_one_cm":1162161,"minecraft:open_chest":577,"minecraft:crouch_one_cm":28992,"minecraft:interact_with_smoker":36,"minecraft:fish_caught":1,"minecraft:fall_one_cm":142098},"minecraft:picked_up":{"minecraft:wooden_axe":3,"minecraft:crafting_table":9,"minecraft:wheat":268,"minecraft:ladder":7,"minecraft:clay_ball":8,"minecraft:wooden_pickaxe":2,"minecraft:stripped_cherry_log":2,"minecraft:wind_charge":43,"minecraft:string":15,"minecraft:raw_copper":38,"minecraft:moss_carpet":4,"minecraft:iron_axe":5,"minecraft:cooked_salmon":42,"minecraft:diamond_leggings":1,"minecraft:cobbled_deepslate":242,"minecraft:bucket":1,"minecraft:cobblestone_slab":2,"minecraft:observer":4,"minecraft:poppy":6,"minecraft:iron_pickaxe":4,"minecraft:chest":8,"minecraft:melon_slice":4,"minecraft:sugar_cane":33,"minecraft:diamond_hoe":6,"minecraft:iron_boots":1,"minecraft:furnace":7,"minecraft:golden_helmet":1,"minecraft:stick":75,"minecraft:raw_iron":192,"minecraft:sandstone":2,"minecraft:cherry_stairs":13,"minecraft:torch":153,"minecraft:porkchop":11,"minecraft:cherry_log":460,"minecraft:pointed_dripstone":13,"minecraft:diorite":6,"minecraft:carrot":591,"minecraft:redstone":65,"minecraft:deepslate_tile_stairs":6,"minecraft:stone_shovel":18,"minecraft:rotten_flesh":92,"minecraft:arrow":18,"minecraft:beetroot_seeds":1,"minecraft:gold_ingot":21,"minecraft:mutton":5,"minecraft:cobblestone":858,"minecraft:pink_petals":381,"minecraft:magma_block":7,"minecraft:cherry_planks":219,"minecraft:andesite":4,"minecraft:glow_ink_sac":12,"minecraft:water_bucket":6,"minecraft:salmon":27,"minecraft:smoker":2,"minecraft:potato":197,"minecraft:flint":2,"minecraft:oak_log":10,"minecraft:gunpowder":4,"minecraft:cherry_door":1,"minecraft:wooden_hoe":1,"minecraft:lapis_lazuli":27,"minecraft:dirt":2441,"minecraft:lantern":5,"minecraft:bone":19,"minecraft:stonecutter":1,"minecraft:wheat_seeds":763,"minecraft:raw_gold":21,"minecraft:stone_pickaxe":10,"minecraft:bell":5,"minecraft:iron_ingot":9,"minecraft:oak_planks":12,"minecraft:iron_sword":4,"minecraft:cooked_porkchop":37,"minecraft:pumpkin":54,"minecraft:dandelion":18,"minecraft:dripstone_block":2,"minecraft:gravel":29,"minecraft:sand":687,"minecraft:blast_furnace":1,"minecraft:white_bed":5,"minecraft:spider_eye":7,"minecraft:pumpkin_seeds":16,"minecraft:diamond":14,"minecraft:stone_axe":13,"minecraft:chainmail_leggings":1,"minecraft:granite":113,"minecraft:cherry_sapling":129,"minecraft:baked_potato":14,"minecraft:netherrack":2,"minecraft:cherry_slab":116,"minecraft:melon_seeds":4,"minecraft:coal":372,"minecraft:diamond_pickaxe":1},"minecraft:killed_by":{"minecraft:creeper":2,"minecraft:skeleton":3},"minecraft:killed":{"minecraft:spider":17,"minecraft:skeleton":13,"minecraft:drowned":1,"minecraft:pig":4,"minecraft:salmon":29,"minecraft:creeper":3,"minecraft:squid":1,"minecraft:trader_llama":1,"minecraft:zombie":68},"minecraft:used":{"minecraft:cherry_sapling":24,"minecraft:moss_carpet":4,"minecraft:iron_shovel":255,"minecraft:stone_shovel":2869,"minecraft:ladder":7,"minecraft:diamond_hoe":312,"minecraft:chest":26,"minecraft:shield":25,"minecraft:stone":1,"minecraft:iron_sword":63,"minecraft:bell":5,"minecraft:rotten_flesh":2,"minecraft:cooked_salmon":27,"minecraft:torch":280,"minecraft:dirt":847,"minecraft:carrot":351,"minecraft:granite":3,"minecraft:glass":683,"minecraft:wooden_axe":36,"minecraft:lantern":3,"minecraft:iron_axe":530,"minecraft:cherry_slab":880,"minecraft:cherry_trapdoor":1,"minecraft:furnace":11,"minecraft:deepslate_tile_stairs":104,"minecraft:potato":105,"minecraft:cobbled_deepslate":27,"minecraft:cherry_log":3,"minecraft:cooked_mutton":2,"minecraft:wheat_seeds":357,"minecraft:water_bucket":150,"minecraft:glass_bottle":1,"minecraft:stone_pickaxe":885,"minecraft:oak_planks":2,"minecraft:baked_potato":11,"minecraft:sandstone":1,"minecraft:wooden_pickaxe":10,"minecraft:cherry_planks":887,"minecraft:stonecutter":2,"minecraft:sugar_cane":12,"minecraft:cobblestone_slab":14,"minecraft:sand":1,"minecraft:crafting_table":10,"minecraft:blast_furnace":2,"minecraft:white_bed":4,"minecraft:pumpkin_seeds":19,"minecraft:smoker":4,"minecraft:wooden_hoe":24,"minecraft:diamond_pickaxe":396,"minecraft:cherry_door":3,"minecraft:bread":7,"minecraft:string":1,"minecraft:wind_charge":3,"minecraft:iron_pickaxe":250,"minecraft:fishing_rod":2,"minecraft:stone_axe":418,"minecraft:pink_petals":171,"minecraft:diamond_sword":65,"minecraft:cobbled_deepslate_slab":6,"minecraft:cobblestone":53,"minecraft:cherry_stairs":98,"minecraft:cooked_porkchop":11,"minecraft:bucket":150,"minecraft:stripped_cherry_log":1,"minecraft:dandelion":18,"minecraft:bone_meal":18},"minecraft:broken":{"minecraft:iron_shovel":1,"minecraft:chainmail_leggings":1,"minecraft:stone_pickaxe":6,"minecraft:iron_axe":2,"minecraft:stone_axe":3,"minecraft:iron_pickaxe":1,"minecraft:stone_shovel":21}},"DataVersion":3953}