{"stats":{"minecraft:dropped":{"minecraft:wheat_seeds":1,"minecraft:diamond_leggings":1,"minecraft:granite":1,"minecraft:dirt":3,"minecraft:wooden_hoe":1,"minecraft:mutton":1,"minecraft:wooden_axe":2,"minecraft:pink_petals":30,"minecraft:gravel":2,"minecraft:stone_axe":1,"minecraft:iron_boots":1,"minecraft:sandstone":1,"minecraft:wooden_pickaxe":2},"minecraft:crafted":{"minecraft:cherry_planks":1556,"minecraft:cobbled_deepslate_slab":6,"minecraft:smooth_stone":7,"minecraft:oak_planks":18,"minecraft:cobblestone_slab":12,"minecraft:stone_shovel":22,"minecraft:fishing_rod":1,"minecraft:iron_nugget":54,"minecraft:cherry_slab":852,"minecraft:furnace":7,"minecraft:blast_furnace":1,"minecraft:cobblestone_stairs":1,"minecraft:stone":45,"minecraft:bone_meal":27,"minecraft:cooked_mutton":2,"minecraft:glass":496,"minecraft:cherry_trapdoor":2,"minecraft:lantern":6,"minecraft:iron_boots":1,"minecraft:iron_axe":3,"minecraft:ladder":9,"minecraft:melon_seeds":4,"minecraft:cherry_stairs":60,"minecraft:stone_pickaxe":8,"minecraft:chest":14,"minecraft:stone_bricks":4,"minecraft:smoker":2,"minecraft:glass_bottle":3,"minecraft:cooked_porkchop":11,"minecraft:crafting_table":2,"minecraft:iron_helmet":1,"minecraft:wooden_pickaxe":1,"minecraft:iron_sword":1,"minecraft:cooked_salmon":26,"minecraft:pumpkin_seeds":16,"minecraft:stone_axe":4,"minecraft:bread":7,"minecraft:air":0,"minecraft:iron_chestplate":1,"minecraft:wooden_hoe":1,"minecraft:shield":1,"minecraft:stick":84,"minecraft:iron_ingot":99,"minecraft:iron_pickaxe":1,"minecraft:wooden_axe":1,"minecraft:deepslate_tile_stairs":21,"minecraft:iron_shovel":1,"minecraft:cherry_door":6,"minecraft:iron_leggings":1,"minecraft:stonecutter":1,"minecraft:torch":98},"minecraft:mined":{"minecraft:white_bed":2,"minecraft:farmland":6,"minecraft:deepslate_diamond_ore":5,"minecraft:sculk_vein":6,"minecraft:cherry_log":439,"minecraft:cherry_sapling":1,"minecraft:stripped_cherry_log":2,"minecraft:granite":3,"minecraft:ladder":3,"minecraft:grass_block":1882,"minecraft:deepslate_tile_stairs":6,"minecraft:sandstone":1,"minecraft:tall_seagrass":1,"minecraft:carrots":113,"minecraft:cobbled_deepslate":1,"minecraft:iron_ore":26,"minecraft:moss_carpet":4,"minecraft:pumpkin":21,"minecraft:deepslate_lapis_ore":1,"minecraft:dirt_path":13,"minecraft:potatoes":19,"minecraft:pointed_dripstone":3,"minecraft:deepslate_iron_ore":10,"minecraft:cobblestone_slab":1,"minecraft:lantern":1,"minecraft:stone":589,"minecraft:cherry_stairs":6,"minecraft:deepslate_redstone_ore":6,"minecraft:cherry_planks":133,"minecraft:crafting_table":9,"minecraft:torch":8,"minecraft:short_grass":268,"minecraft:chest":7,"minecraft:cobblestone":2,"minecraft:glass":1,"minecraft:tall_grass":56,"minecraft:oak_planks":2,"minecraft:sugar_cane":4,"minecraft:sculk":52,"minecraft:wall_torch":5,"minecraft:cherry_slab":36,"minecraft:pink_petals":78,"minecraft:seagrass":1,"minecraft:wheat":157,"minecraft:pumpkin_stem":5,"minecraft:oak_log":10,"minecraft:coal_ore":128,"minecraft:beetroots":1,"minecraft:cherry_leaves":28,"minecraft:dirt":420,"minecraft:gravel":12,"minecraft:sand":542,"minecraft:oak_leaves":3,"minecraft:deepslate":104},"minecraft:custom":{"minecraft:mob_kills":115,"minecraft:interact_with_crafting_table":139,"minecraft:leave_game":3,"minecraft:time_since_death":206956,"minecraft:climb_one_cm":11698,"minecraft:sprint_one_cm":1570856,"minecraft:walk_one_cm":1460129,"minecraft:damage_blocked_by_shield":855,"minecraft:drop":17,"minecraft:talked_to_villager":3,"minecraft:play_time":391898,"minecraft:deaths":6,"minecraft:sneak_time":8236,"minecraft:walk_under_water_one_cm":27603,"minecraft:boat_one_cm":5692,"minecraft:jump":4554,"minecraft:interact_with_blast_furnace":2,"minecraft:walk_on_water_one_cm":37785,"minecraft:total_world_time":391898,"minecraft:interact_with_furnace":185,"minecraft:interact_with_cartography_table":1,"minecraft:interact_with_stonecutter":12,"minecraft:sleep_in_bed":26,"minecraft:time_since_rest":50512,"minecraft:damage_taken":5114,"minecraft:damage_dealt":16829,"minecraft:swim_one_cm":112808,"minecraft:fly_one_cm":858083,"minecraft:open_chest":397,"minecraft:crouch_one_cm":20987,"minecraft:interact_with_smoker":12,"minecraft:fish_caught":1,"minecraft:fall_one_cm":104213},"minecraft:picked_up":{"minecraft:wooden_axe":3,"minecraft:crafting_table":9,"minecraft:wheat":139,"minecraft:ladder":3,"minecraft:wooden_pickaxe":2,"minecraft:stripped_cherry_log":2,"minecraft:wind_charge":43,"minecraft:moss_carpet":4,"minecraft:string":14,"minecraft:iron_axe":5,"minecraft:cooked_salmon":42,"minecraft:diamond_leggings":1,"minecraft:cobbled_deepslate":175,"minecraft:bucket":1,"minecraft:cobblestone_slab":2,"minecraft:iron_pickaxe":4,"minecraft:melon_slice":4,"minecraft:sugar_cane":9,"minecraft:chest":7,"minecraft:diamond_hoe":6,"minecraft:iron_boots":1,"minecraft:sandstone":2,"minecraft:golden_helmet":1,"minecraft:raw_iron":176,"minecraft:stick":75,"minecraft:cherry_stairs":6,"minecraft:torch":85,"minecraft:porkchop":11,"minecraft:cherry_log":460,"minecraft:pointed_dripstone":10,"minecraft:carrot":375,"minecraft:redstone":52,"minecraft:deepslate_tile_stairs":5,"minecraft:rotten_flesh":78,"minecraft:arrow":13,"minecraft:stone_shovel":18,"minecraft:beetroot_seeds":1,"minecraft:mutton":5,"minecraft:cobblestone":625,"minecraft:pink_petals":374,"minecraft:cherry_planks":210,"minecraft:glow_ink_sac":12,"minecraft:water_bucket":6,"minecraft:salmon":27,"minecraft:potato":68,"minecraft:flint":1,"minecraft:oak_log":10,"minecraft:gunpowder":2,"minecraft:lantern":1,"minecraft:lapis_lazuli":27,"minecraft:wooden_hoe":1,"minecraft:cherry_door":1,"minecraft:dirt":2404,"minecraft:bone":13,"minecraft:wheat_seeds":405,"minecraft:iron_ingot":9,"minecraft:stone_pickaxe":10,"minecraft:iron_sword":4,"minecraft:oak_planks":12,"minecraft:cooked_porkchop":37,"minecraft:pumpkin":21,"minecraft:dandelion":1,"minecraft:gravel":9,"minecraft:sand":532,"minecraft:white_bed":3,"minecraft:spider_eye":7,"minecraft:pumpkin_seeds":16,"minecraft:diamond":12,"minecraft:stone_axe":13,"minecraft:chainmail_leggings":1,"minecraft:granite":11,"minecraft:cherry_sapling":129,"minecraft:baked_potato":3,"minecraft:cherry_slab":109,"minecraft:melon_seeds":4,"minecraft:coal":142},"minecraft:killed_by":{"minecraft:creeper":2,"minecraft:skeleton":3},"minecraft:killed":{"minecraft:spider":14,"minecraft:skeleton":7,"minecraft:pig":4,"minecraft:salmon":29,"minecraft:squid":1,"minecraft:creeper":2,"minecraft:trader_llama":1,"minecraft:zombie":55},"minecraft:used":{"minecraft:cherry_sapling":24,"minecraft:moss_carpet":4,"minecraft:iron_shovel":255,"minecraft:stone_shovel":2753,"minecraft:diamond_hoe":310,"minecraft:ladder":7,"minecraft:shield":14,"minecraft:chest":21,"minecraft:stone":1,"minecraft:iron_sword":63,"minecraft:cooked_salmon":26,"minecraft:rotten_flesh":2,"minecraft:torch":156,"minecraft:dirt":824,"minecraft:carrot":247,"minecraft:granite":3,"minecraft:glass":491,"minecraft:wooden_axe":36,"minecraft:lantern":3,"minecraft:iron_axe":455,"minecraft:cherry_slab":870,"minecraft:cherry_trapdoor":1,"minecraft:furnace":3,"minecraft:deepslate_tile_stairs":39,"minecraft:potato":68,"minecraft:cobbled_deepslate":27,"minecraft:cherry_log":3,"minecraft:wheat_seeds":224,"minecraft:cooked_mutton":2,"minecraft:water_bucket":90,"minecraft:glass_bottle":1,"minecraft:stone_pickaxe":687,"minecraft:oak_planks":2,"minecraft:wooden_pickaxe":10,"minecraft:sandstone":1,"minecraft:cherry_planks":877,"minecraft:stonecutter":1,"minecraft:cobblestone_slab":14,"minecraft:sand":1,"minecraft:crafting_table":10,"minecraft:blast_furnace":1,"minecraft:white_bed":3,"minecraft:smoker":2,"minecraft:pumpkin_seeds":19,"minecraft:wooden_hoe":24,"minecraft:cherry_door":3,"minecraft:wind_charge":3,"minecraft:bread":7,"minecraft:string":1,"minecraft:iron_pickaxe":197,"minecraft:stone_axe":418,"minecraft:pink_petals":169,"minecraft:fishing_rod":2,"minecraft:cobbled_deepslate_slab":6,"minecraft:cherry_stairs":63,"minecraft:cobblestone":14,"minecraft:cooked_porkchop":11,"minecraft:bucket":90,"minecraft:stripped_cherry_log":1,"minecraft:dandelion":1,"minecraft:bone_meal":18},"minecraft:broken":{"minecraft:iron_shovel":1,"minecraft:stone_pickaxe":4,"minecraft:iron_axe":2,"minecraft:stone_axe":3,"minecraft:stone_shovel":20}},"DataVersion":3953}