{"stats":{"minecraft:dropped":{"minecraft:wheat_seeds":1,"minecraft:diamond_leggings":1,"minecraft:granite":1,"minecraft:mutton":1,"minecraft:wooden_axe":1,"minecraft:gravel":2,"minecraft:iron_boots":1,"minecraft:wooden_pickaxe":1},"minecraft:crafted":{"minecraft:cherry_planks":1146,"minecraft:oak_planks":16,"minecraft:cobblestone_slab":6,"minecraft:stone_shovel":14,"minecraft:cherry_slab":852,"minecraft:furnace":3,"minecraft:cooked_mutton":2,"minecraft:glass":75,"minecraft:cherry_trapdoor":2,"minecraft:iron_boots":1,"minecraft:iron_axe":3,"minecraft:ladder":9,"minecraft:melon_seeds":4,"minecraft:stone_pickaxe":4,"minecraft:chest":6,"minecraft:cooked_porkchop":11,"minecraft:crafting_table":1,"minecraft:wooden_pickaxe":1,"minecraft:iron_sword":1,"minecraft:cooked_salmon":26,"minecraft:pumpkin_seeds":4,"minecraft:stone_axe":4,"minecraft:bread":7,"minecraft:air":0,"minecraft:iron_chestplate":1,"minecraft:wooden_hoe":1,"minecraft:shield":1,"minecraft:stick":84,"minecraft:iron_ingot":27,"minecraft:iron_pickaxe":1,"minecraft:wooden_axe":1,"minecraft:iron_shovel":1,"minecraft:cherry_door":3,"minecraft:iron_leggings":1,"minecraft:torch":98},"minecraft:mined":{"minecraft:white_bed":2,"minecraft:farmland":6,"minecraft:deepslate_diamond_ore":5,"minecraft:sculk_vein":6,"minecraft:cherry_log":348,"minecraft:cherry_sapling":1,"minecraft:stripped_cherry_log":2,"minecraft:granite":3,"minecraft:ladder":3,"minecraft:grass_block":1381,"minecraft:tall_seagrass":1,"minecraft:carrots":32,"minecraft:iron_ore":17,"minecraft:pumpkin":7,"minecraft:deepslate_lapis_ore":1,"minecraft:pointed_dripstone":3,"minecraft:deepslate_iron_ore":10,"minecraft:cobblestone_slab":1,"minecraft:stone":85,"minecraft:deepslate_redstone_ore":6,"minecraft:cherry_planks":127,"minecraft:crafting_table":6,"minecraft:torch":7,"minecraft:short_grass":236,"minecraft:chest":5,"minecraft:glass":1,"minecraft:tall_grass":50,"minecraft:oak_planks":1,"minecraft:sugar_cane":2,"minecraft:sculk":52,"minecraft:wall_torch":5,"minecraft:cherry_slab":35,"minecraft:pink_petals":64,"minecraft:wheat":67,"minecraft:oak_log":4,"minecraft:coal_ore":70,"minecraft:beetroots":1,"minecraft:cherry_leaves":17,"minecraft:dirt":326,"minecraft:gravel":12,"minecraft:sand":76,"minecraft:oak_leaves":3,"minecraft:deepslate":104},"minecraft:custom":{"minecraft:mob_kills":66,"minecraft:interact_with_crafting_table":83,"minecraft:leave_game":3,"minecraft:time_since_death":26956,"minecraft:climb_one_cm":9151,"minecraft:sprint_one_cm":755654,"minecraft:walk_one_cm":908172,"minecraft:damage_blocked_by_shield":180,"minecraft:drop":8,"minecraft:play_time":211898,"minecraft:deaths":6,"minecraft:sneak_time":4438,"minecraft:walk_under_water_one_cm":16722,"minecraft:boat_one_cm":5692,"minecraft:jump":2689,"minecraft:walk_on_water_one_cm":12727,"minecraft:total_world_time":211898,"minecraft:interact_with_furnace":60,"minecraft:interact_with_cartography_table":1,"minecraft:sleep_in_bed":17,"minecraft:time_since_rest":26982,"minecraft:damage_taken":3113,"minecraft:damage_dealt":8285,"minecraft:swim_one_cm":40031,"minecraft:fly_one_cm":457381,"minecraft:open_chest":132,"minecraft:crouch_one_cm":14046,"minecraft:interact_with_smoker":1,"minecraft:fall_one_cm":70777},"minecraft:picked_up":{"minecraft:wooden_axe":3,"minecraft:crafting_table":6,"minecraft:wheat":50,"minecraft:ladder":3,"minecraft:wooden_pickaxe":2,"minecraft:stripped_cherry_log":2,"minecraft:wind_charge":43,"minecraft:string":4,"minecraft:iron_axe":5,"minecraft:cooked_salmon":42,"minecraft:diamond_leggings":1,"minecraft:cobbled_deepslate":174,"minecraft:bucket":1,"minecraft:cobblestone_slab":2,"minecraft:iron_pickaxe":4,"minecraft:melon_slice":4,"minecraft:sugar_cane":3,"minecraft:chest":5,"minecraft:diamond_hoe":6,"minecraft:iron_boots":1,"minecraft:golden_helmet":1,"minecraft:raw_iron":103,"minecraft:stick":53,"minecraft:torch":37,"minecraft:porkchop":11,"minecraft:cherry_log":368,"minecraft:pointed_dripstone":10,"minecraft:carrot":96,"minecraft:redstone":52,"minecraft:rotten_flesh":47,"minecraft:arrow":9,"minecraft:stone_shovel":18,"minecraft:beetroot_seeds":1,"minecraft:mutton":5,"minecraft:cobblestone":116,"minecraft:pink_petals":302,"minecraft:cherry_planks":204,"minecraft:glow_ink_sac":12,"minecraft:water_bucket":6,"minecraft:salmon":26,"minecraft:flint":1,"minecraft:oak_log":4,"minecraft:gunpowder":1,"minecraft:lapis_lazuli":27,"minecraft:wooden_hoe":1,"minecraft:cherry_door":1,"minecraft:dirt":1746,"minecraft:bone":10,"minecraft:wheat_seeds":207,"minecraft:iron_ingot":9,"minecraft:stone_pickaxe":10,"minecraft:iron_sword":4,"minecraft:oak_planks":12,"minecraft:cooked_porkchop":37,"minecraft:pumpkin":7,"minecraft:gravel":9,"minecraft:sand":75,"minecraft:white_bed":3,"minecraft:spider_eye":3,"minecraft:pumpkin_seeds":8,"minecraft:diamond":12,"minecraft:stone_axe":13,"minecraft:chainmail_leggings":1,"minecraft:granite":11,"minecraft:cherry_sapling":85,"minecraft:baked_potato":3,"minecraft:cherry_slab":108,"minecraft:melon_seeds":4,"minecraft:coal":84},"minecraft:killed_by":{"minecraft:creeper":2,"minecraft:skeleton":3},"minecraft:killed":{"minecraft:spider":4,"minecraft:skeleton":3,"minecraft:pig":4,"minecraft:salmon":29,"minecraft:creeper":1,"minecraft:zombie":25},"minecraft:used":{"minecraft:cherry_sapling":23,"minecraft:iron_shovel":255,"minecraft:stone_shovel":1506,"minecraft:diamond_hoe":210,"minecraft:ladder":7,"minecraft:shield":3,"minecraft:chest":11,"minecraft:iron_sword":63,"minecraft:cooked_salmon":21,"minecraft:rotten_flesh":2,"minecraft:torch":88,"minecraft:dirt":329,"minecraft:carrot":96,"minecraft:granite":3,"minecraft:glass":53,"minecraft:wooden_axe":36,"minecraft:iron_axe":344,"minecraft:cherry_slab":865,"minecraft:cherry_trapdoor":1,"minecraft:furnace":3,"minecraft:cobbled_deepslate":26,"minecraft:cherry_log":2,"minecraft:wheat_seeds":136,"minecraft:cooked_mutton":2,"minecraft:water_bucket":20,"minecraft:stone_pickaxe":250,"minecraft:oak_planks":1,"minecraft:wooden_pickaxe":10,"minecraft:cherry_planks":738,"minecraft:cobblestone_slab":2,"minecraft:crafting_table":6,"minecraft:white_bed":3,"minecraft:wooden_hoe":24,"minecraft:cherry_door":2,"minecraft:wind_charge":3,"minecraft:bread":7,"minecraft:iron_pickaxe":51,"minecraft:stone_axe":269,"minecraft:cobblestone":8,"minecraft:cooked_porkchop":5,"minecraft:bucket":20,"minecraft:stripped_cherry_log":1},"minecraft:broken":{"minecraft:iron_shovel":1,"minecraft:stone_pickaxe":1,"minecraft:iron_axe":1,"minecraft:stone_axe":1,"minecraft:stone_shovel":11}},"DataVersion":3953}