{"stats":{"minecraft:dropped":{"minecraft:wheat_seeds":1,"minecraft:diamond_leggings":1,"minecraft:granite":1,"minecraft:dirt":1,"minecraft:wooden_hoe":1,"minecraft:mutton":1,"minecraft:wooden_axe":2,"minecraft:pink_petals":30,"minecraft:gravel":2,"minecraft:stone_axe":1,"minecraft:iron_boots":1,"minecraft:wooden_pickaxe":2},"minecraft:crafted":{"minecraft:cherry_planks":1424,"minecraft:oak_planks":16,"minecraft:cobblestone_slab":6,"minecraft:stone_shovel":20,"minecraft:fishing_rod":1,"minecraft:cherry_slab":852,"minecraft:furnace":5,"minecraft:cooked_mutton":2,"minecraft:glass":129,"minecraft:cherry_trapdoor":2,"minecraft:iron_boots":1,"minecraft:iron_axe":3,"minecraft:ladder":9,"minecraft:melon_seeds":4,"minecraft:cherry_stairs":56,"minecraft:stone_pickaxe":8,"minecraft:chest":14,"minecraft:smoker":2,"minecraft:glass_bottle":3,"minecraft:cooked_porkchop":11,"minecraft:crafting_table":1,"minecraft:wooden_pickaxe":1,"minecraft:iron_sword":1,"minecraft:cooked_salmon":26,"minecraft:pumpkin_seeds":16,"minecraft:stone_axe":4,"minecraft:bread":7,"minecraft:air":0,"minecraft:iron_chestplate":1,"minecraft:wooden_hoe":1,"minecraft:shield":1,"minecraft:stick":84,"minecraft:iron_ingot":27,"minecraft:iron_pickaxe":1,"minecraft:wooden_axe":1,"minecraft:iron_shovel":1,"minecraft:cherry_door":6,"minecraft:iron_leggings":1,"minecraft:torch":98},"minecraft:mined":{"minecraft:white_bed":2,"minecraft:farmland":6,"minecraft:deepslate_diamond_ore":5,"minecraft:sculk_vein":6,"minecraft:cherry_log":380,"minecraft:cherry_sapling":1,"minecraft:stripped_cherry_log":2,"minecraft:granite":3,"minecraft:ladder":3,"minecraft:grass_block":1861,"minecraft:tall_seagrass":1,"minecraft:carrots":49,"minecraft:iron_ore":26,"minecraft:moss_carpet":3,"minecraft:pumpkin":7,"minecraft:deepslate_lapis_ore":1,"minecraft:dirt_path":13,"minecraft:potatoes":6,"minecraft:pointed_dripstone":3,"minecraft:deepslate_iron_ore":10,"minecraft:cobblestone_slab":1,"minecraft:stone":578,"minecraft:deepslate_redstone_ore":6,"minecraft:cherry_planks":132,"minecraft:crafting_table":8,"minecraft:torch":7,"minecraft:short_grass":252,"minecraft:chest":7,"minecraft:cobblestone":1,"minecraft:glass":1,"minecraft:tall_grass":52,"minecraft:oak_planks":2,"minecraft:sugar_cane":2,"minecraft:sculk":52,"minecraft:wall_torch":5,"minecraft:cherry_slab":36,"minecraft:pink_petals":64,"minecraft:seagrass":1,"minecraft:wheat":157,"minecraft:oak_log":4,"minecraft:coal_ore":128,"minecraft:beetroots":1,"minecraft:cherry_leaves":23,"minecraft:dirt":412,"minecraft:gravel":12,"minecraft:sand":320,"minecraft:oak_leaves":3,"minecraft:deepslate":104},"minecraft:custom":{"minecraft:mob_kills":99,"minecraft:interact_with_crafting_table":109,"minecraft:leave_game":3,"minecraft:time_since_death":128956,"minecraft:climb_one_cm":9923,"minecraft:sprint_one_cm":1193493,"minecraft:walk_one_cm":1257516,"minecraft:damage_blocked_by_shield":450,"minecraft:drop":14,"minecraft:talked_to_villager":3,"minecraft:play_time":313898,"minecraft:deaths":6,"minecraft:sneak_time":6579,"minecraft:walk_under_water_one_cm":24670,"minecraft:boat_one_cm":5692,"minecraft:jump":3518,"minecraft:walk_on_water_one_cm":24332,"minecraft:total_world_time":313898,"minecraft:interact_with_furnace":91,"minecraft:interact_with_cartography_table":1,"minecraft:sleep_in_bed":24,"minecraft:time_since_rest":4372,"minecraft:damage_taken":4390,"minecraft:damage_dealt":14018,"minecraft:swim_one_cm":71035,"minecraft:fly_one_cm":639014,"minecraft:open_chest":289,"minecraft:crouch_one_cm":17226,"minecraft:interact_with_smoker":4,"minecraft:fall_one_cm":82661},"minecraft:picked_up":{"minecraft:wooden_axe":3,"minecraft:crafting_table":8,"minecraft:wheat":138,"minecraft:ladder":3,"minecraft:wooden_pickaxe":2,"minecraft:stripped_cherry_log":2,"minecraft:wind_charge":43,"minecraft:moss_carpet":3,"minecraft:string":14,"minecraft:iron_axe":5,"minecraft:cooked_salmon":42,"minecraft:diamond_leggings":1,"minecraft:cobbled_deepslate":174,"minecraft:bucket":1,"minecraft:cobblestone_slab":2,"minecraft:iron_pickaxe":4,"minecraft:melon_slice":4,"minecraft:sugar_cane":3,"minecraft:chest":7,"minecraft:diamond_hoe":6,"minecraft:iron_boots":1,"minecraft:golden_helmet":1,"minecraft:raw_iron":112,"minecraft:stick":75,"minecraft:torch":83,"minecraft:porkchop":11,"minecraft:cherry_log":400,"minecraft:pointed_dripstone":10,"minecraft:carrot":152,"minecraft:redstone":52,"minecraft:rotten_flesh":65,"minecraft:arrow":9,"minecraft:stone_shovel":18,"minecraft:beetroot_seeds":1,"minecraft:mutton":5,"minecraft:cobblestone":609,"minecraft:pink_petals":332,"minecraft:cherry_planks":209,"minecraft:glow_ink_sac":12,"minecraft:water_bucket":6,"minecraft:salmon":26,"minecraft:potato":24,"minecraft:flint":1,"minecraft:oak_log":4,"minecraft:gunpowder":2,"minecraft:lapis_lazuli":27,"minecraft:wooden_hoe":1,"minecraft:cherry_door":1,"minecraft:dirt":2338,"minecraft:bone":10,"minecraft:wheat_seeds":400,"minecraft:iron_ingot":9,"minecraft:stone_pickaxe":10,"minecraft:iron_sword":4,"minecraft:oak_planks":12,"minecraft:cooked_porkchop":37,"minecraft:pumpkin":7,"minecraft:dandelion":1,"minecraft:gravel":9,"minecraft:sand":310,"minecraft:white_bed":3,"minecraft:spider_eye":7,"minecraft:pumpkin_seeds":8,"minecraft:diamond":12,"minecraft:stone_axe":13,"minecraft:chainmail_leggings":1,"minecraft:granite":11,"minecraft:cherry_sapling":121,"minecraft:baked_potato":3,"minecraft:cherry_slab":109,"minecraft:melon_seeds":4,"minecraft:coal":142},"minecraft:killed_by":{"minecraft:creeper":2,"minecraft:skeleton":3},"minecraft:killed":{"minecraft:spider":14,"minecraft:skeleton":4,"minecraft:pig":4,"minecraft:salmon":29,"minecraft:squid":1,"minecraft:creeper":2,"minecraft:trader_llama":1,"minecraft:zombie":44},"minecraft:used":{"minecraft:cherry_sapling":24,"minecraft:moss_carpet":3,"minecraft:iron_shovel":255,"minecraft:stone_shovel":2485,"minecraft:diamond_hoe":309,"minecraft:ladder":7,"minecraft:shield":7,"minecraft:chest":21,"minecraft:iron_sword":63,"minecraft:cooked_salmon":26,"minecraft:rotten_flesh":2,"minecraft:torch":141,"minecraft:dirt":724,"minecraft:carrot":152,"minecraft:granite":3,"minecraft:glass":53,"minecraft:wooden_axe":36,"minecraft:iron_axe":427,"minecraft:cherry_slab":870,"minecraft:cherry_trapdoor":1,"minecraft:furnace":3,"minecraft:potato":18,"minecraft:cobbled_deepslate":26,"minecraft:cherry_log":2,"minecraft:wheat_seeds":223,"minecraft:cooked_mutton":2,"minecraft:water_bucket":73,"minecraft:glass_bottle":1,"minecraft:stone_pickaxe":666,"minecraft:oak_planks":2,"minecraft:wooden_pickaxe":10,"minecraft:cherry_planks":874,"minecraft:cobblestone_slab":8,"minecraft:crafting_table":9,"minecraft:white_bed":3,"minecraft:smoker":2,"minecraft:pumpkin_seeds":12,"minecraft:wooden_hoe":24,"minecraft:cherry_door":3,"minecraft:wind_charge":3,"minecraft:bread":7,"minecraft:string":1,"minecraft:iron_pickaxe":197,"minecraft:stone_axe":315,"minecraft:fishing_rod":1,"minecraft:cherry_stairs":56,"minecraft:cobblestone":8,"minecraft:cooked_porkchop":7,"minecraft:bucket":73,"minecraft:stripped_cherry_log":1},"minecraft:broken":{"minecraft:iron_shovel":1,"minecraft:stone_pickaxe":4,"minecraft:iron_axe":2,"minecraft:stone_axe":1,"minecraft:stone_shovel":18}},"DataVersion":3953}