{"stats":{"minecraft:killed_by":{"minecraft:creeper":1},"minecraft:dropped":{"minecraft:wheat_seeds":1,"minecraft:mutton":1,"minecraft:wooden_axe":1,"minecraft:wooden_pickaxe":1},"minecraft:mined":{"minecraft:white_bed":2,"minecraft:farmland":2,"minecraft:cherry_planks":89,"minecraft:cherry_log":281,"minecraft:stripped_cherry_log":2,"minecraft:cherry_sapling":1,"minecraft:crafting_table":6,"minecraft:torch":1,"minecraft:ladder":3,"minecraft:short_grass":232,"minecraft:grass_block":1103,"minecraft:chest":2,"minecraft:tall_grass":50,"minecraft:sugar_cane":2,"minecraft:oak_planks":1,"minecraft:cherry_slab":18,"minecraft:pink_petals":48,"minecraft:tall_seagrass":1,"minecraft:wheat":31,"minecraft:pumpkin":7,"minecraft:oak_log":4,"minecraft:coal_ore":34,"minecraft:cherry_leaves":12,"minecraft:sand":31,"minecraft:dirt":259,"minecraft:stone":67,"minecraft:oak_leaves":3},"minecraft:custom":{"minecraft:interact_with_furnace":16,"minecraft:mob_kills":20,"minecraft:interact_with_crafting_table":56,"minecraft:leave_game":2,"minecraft:time_since_death":35024,"minecraft:sleep_in_bed":12,"minecraft:climb_one_cm":7501,"minecraft:time_since_rest":35054,"minecraft:sprint_one_cm":337345,"minecraft:damage_taken":839,"minecraft:walk_one_cm":630321,"minecraft:drop":4,"minecraft:damage_dealt":1180,"minecraft:swim_one_cm":27833,"minecraft:fly_one_cm":210278,"minecraft:open_chest":49,"minecraft:crouch_one_cm":13531,"minecraft:play_time":121558,"minecraft:deaths":2,"minecraft:sneak_time":3970,"minecraft:walk_under_water_one_cm":8499,"minecraft:jump":1283,"minecraft:walk_on_water_one_cm":5365,"minecraft:total_world_time":121558,"minecraft:interact_with_smoker":1,"minecraft:fall_one_cm":38574},"minecraft:crafted":{"minecraft:cherry_planks":1114,"minecraft:oak_planks":16,"minecraft:stone_shovel":10,"minecraft:cooked_porkchop":1,"minecraft:crafting_table":1,"minecraft:cherry_slab":852,"minecraft:wooden_pickaxe":1,"minecraft:furnace":3,"minecraft:cooked_salmon":2,"minecraft:stone_axe":4,"minecraft:cooked_mutton":2,"minecraft:bread":7,"minecraft:air":0,"minecraft:cherry_trapdoor":2,"minecraft:wooden_hoe":1,"minecraft:ladder":9,"minecraft:stick":40,"minecraft:stone_pickaxe":1,"minecraft:wooden_axe":1,"minecraft:chest":2,"minecraft:cherry_door":3,"minecraft:torch":66},"minecraft:picked_up":{"minecraft:wooden_axe":3,"minecraft:pink_petals":178,"minecraft:crafting_table":6,"minecraft:wheat":25,"minecraft:ladder":3,"minecraft:cherry_planks":167,"minecraft:water_bucket":2,"minecraft:salmon":13,"minecraft:wooden_pickaxe":2,"minecraft:stripped_cherry_log":2,"minecraft:oak_log":4,"minecraft:cherry_door":1,"minecraft:wooden_hoe":1,"minecraft:dirt":1406,"minecraft:iron_axe":1,"minecraft:wheat_seeds":128,"minecraft:bucket":1,"minecraft:stone_pickaxe":2,"minecraft:sugar_cane":3,"minecraft:chest":2,"minecraft:oak_planks":12,"minecraft:diamond_hoe":2,"minecraft:stick":50,"minecraft:pumpkin":7,"minecraft:torch":6,"minecraft:porkchop":11,"minecraft:sand":30,"minecraft:cherry_log":301,"minecraft:white_bed":3,"minecraft:rotten_flesh":2,"minecraft:stone_shovel":2,"minecraft:stone_axe":1,"minecraft:cherry_sapling":81,"minecraft:cherry_slab":91,"minecraft:mutton":5,"minecraft:coal":34,"minecraft:cobblestone":67},"minecraft:broken":{"minecraft:iron_axe":1,"minecraft:stone_axe":1,"minecraft:stone_shovel":10},"minecraft:killed":{"minecraft:pig":4,"minecraft:salmon":14,"minecraft:spider":1,"minecraft:zombie":1},"minecraft:used":{"minecraft:wheat_seeds":69,"minecraft:cooked_mutton":2,"minecraft:cherry_sapling":23,"minecraft:water_bucket":7,"minecraft:stone_shovel":1343,"minecraft:stone_pickaxe":93,"minecraft:ladder":7,"minecraft:diamond_hoe":33,"minecraft:oak_planks":1,"minecraft:chest":4,"minecraft:wooden_pickaxe":10,"minecraft:cherry_planks":736,"minecraft:cooked_salmon":2,"minecraft:rotten_flesh":2,"minecraft:torch":34,"minecraft:dirt":304,"minecraft:crafting_table":6,"minecraft:white_bed":3,"minecraft:wooden_axe":36,"minecraft:wooden_hoe":24,"minecraft:cherry_door":2,"minecraft:iron_axe":252,"minecraft:cherry_slab":864,"minecraft:bread":7,"minecraft:cherry_trapdoor":1,"minecraft:stone_axe":163,"minecraft:furnace":3,"minecraft:cooked_porkchop":1,"minecraft:bucket":7,"minecraft:stripped_cherry_log":1,"minecraft:cherry_log":2}},"DataVersion":3953}