{"stats":{"minecraft:dropped":{"minecraft:wheat_seeds":1,"minecraft:diamond_leggings":1,"minecraft:granite":1,"minecraft:dirt":1,"minecraft:wooden_hoe":1,"minecraft:mutton":1,"minecraft:wooden_axe":2,"minecraft:pink_petals":30,"minecraft:gravel":2,"minecraft:stone_axe":1,"minecraft:iron_boots":1,"minecraft:sandstone":1,"minecraft:wooden_pickaxe":2},"minecraft:crafted":{"minecraft:cherry_planks":1424,"minecraft:oak_planks":18,"minecraft:cobblestone_slab":6,"minecraft:stone_shovel":21,"minecraft:fishing_rod":1,"minecraft:iron_nugget":54,"minecraft:cherry_slab":852,"minecraft:furnace":5,"minecraft:cooked_mutton":2,"minecraft:glass":282,"minecraft:cherry_trapdoor":2,"minecraft:lantern":6,"minecraft:iron_boots":1,"minecraft:iron_axe":3,"minecraft:ladder":9,"minecraft:melon_seeds":4,"minecraft:cherry_stairs":56,"minecraft:stone_pickaxe":8,"minecraft:chest":14,"minecraft:smoker":2,"minecraft:glass_bottle":3,"minecraft:cooked_porkchop":11,"minecraft:crafting_table":2,"minecraft:iron_helmet":1,"minecraft:wooden_pickaxe":1,"minecraft:iron_sword":1,"minecraft:cooked_salmon":26,"minecraft:pumpkin_seeds":16,"minecraft:stone_axe":4,"minecraft:bread":7,"minecraft:air":0,"minecraft:iron_chestplate":1,"minecraft:wooden_hoe":1,"minecraft:shield":1,"minecraft:stick":84,"minecraft:iron_ingot":59,"minecraft:iron_pickaxe":1,"minecraft:wooden_axe":1,"minecraft:iron_shovel":1,"minecraft:cherry_door":6,"minecraft:iron_leggings":1,"minecraft:torch":98},"minecraft:mined":{"minecraft:white_bed":2,"minecraft:farmland":6,"minecraft:deepslate_diamond_ore":5,"minecraft:sculk_vein":6,"minecraft:cherry_log":380,"minecraft:cherry_sapling":1,"minecraft:stripped_cherry_log":2,"minecraft:granite":3,"minecraft:ladder":3,"minecraft:grass_block":1870,"minecraft:sandstone":1,"minecraft:tall_seagrass":1,"minecraft:carrots":113,"minecraft:iron_ore":26,"minecraft:moss_carpet":4,"minecraft:pumpkin":11,"minecraft:deepslate_lapis_ore":1,"minecraft:dirt_path":13,"minecraft:potatoes":6,"minecraft:pointed_dripstone":3,"minecraft:deepslate_iron_ore":10,"minecraft:cobblestone_slab":1,"minecraft:lantern":1,"minecraft:stone":579,"minecraft:cherry_stairs":6,"minecraft:deepslate_redstone_ore":6,"minecraft:cherry_planks":132,"minecraft:crafting_table":9,"minecraft:torch":7,"minecraft:short_grass":266,"minecraft:chest":7,"minecraft:cobblestone":1,"minecraft:glass":1,"minecraft:tall_grass":52,"minecraft:oak_planks":2,"minecraft:sugar_cane":4,"minecraft:sculk":52,"minecraft:wall_torch":5,"minecraft:cherry_slab":36,"minecraft:pink_petals":77,"minecraft:seagrass":1,"minecraft:wheat":157,"minecraft:pumpkin_stem":5,"minecraft:oak_log":10,"minecraft:coal_ore":128,"minecraft:beetroots":1,"minecraft:cherry_leaves":23,"minecraft:dirt":418,"minecraft:gravel":12,"minecraft:sand":542,"minecraft:oak_leaves":3,"minecraft:deepslate":104},"minecraft:custom":{"minecraft:mob_kills":99,"minecraft:interact_with_crafting_table":117,"minecraft:leave_game":3,"minecraft:time_since_death":152956,"minecraft:climb_one_cm":9923,"minecraft:sprint_one_cm":1271869,"minecraft:walk_one_cm":1329290,"minecraft:damage_blocked_by_shield":450,"minecraft:drop":15,"minecraft:talked_to_villager":3,"minecraft:play_time":337898,"minecraft:deaths":6,"minecraft:sneak_time":6682,"minecraft:walk_under_water_one_cm":27361,"minecraft:boat_one_cm":5692,"minecraft:jump":3810,"minecraft:walk_on_water_one_cm":37554,"minecraft:total_world_time":337898,"minecraft:interact_with_furnace":127,"minecraft:interact_with_cartography_table":1,"minecraft:sleep_in_bed":24,"minecraft:time_since_rest":28372,"minecraft:damage_taken":4470,"minecraft:damage_dealt":14018,"minecraft:swim_one_cm":112808,"minecraft:fly_one_cm":685278,"minecraft:open_chest":296,"minecraft:crouch_one_cm":17449,"minecraft:interact_with_smoker":6,"minecraft:fall_one_cm":87604},"minecraft:picked_up":{"minecraft:wooden_axe":3,"minecraft:crafting_table":9,"minecraft:wheat":138,"minecraft:ladder":3,"minecraft:wooden_pickaxe":2,"minecraft:stripped_cherry_log":2,"minecraft:wind_charge":43,"minecraft:moss_carpet":4,"minecraft:string":14,"minecraft:iron_axe":5,"minecraft:cooked_salmon":42,"minecraft:diamond_leggings":1,"minecraft:cobbled_deepslate":174,"minecraft:bucket":1,"minecraft:cobblestone_slab":2,"minecraft:iron_pickaxe":4,"minecraft:melon_slice":4,"minecraft:sugar_cane":9,"minecraft:chest":7,"minecraft:diamond_hoe":6,"minecraft:iron_boots":1,"minecraft:sandstone":2,"minecraft:golden_helmet":1,"minecraft:raw_iron":176,"minecraft:stick":75,"minecraft:cherry_stairs":6,"minecraft:torch":83,"minecraft:porkchop":11,"minecraft:cherry_log":400,"minecraft:pointed_dripstone":10,"minecraft:carrot":375,"minecraft:redstone":52,"minecraft:rotten_flesh":65,"minecraft:arrow":9,"minecraft:stone_shovel":18,"minecraft:beetroot_seeds":1,"minecraft:mutton":5,"minecraft:cobblestone":610,"minecraft:pink_petals":366,"minecraft:cherry_planks":209,"minecraft:glow_ink_sac":12,"minecraft:water_bucket":6,"minecraft:salmon":26,"minecraft:potato":24,"minecraft:flint":1,"minecraft:oak_log":10,"minecraft:gunpowder":2,"minecraft:lantern":1,"minecraft:lapis_lazuli":27,"minecraft:wooden_hoe":1,"minecraft:cherry_door":1,"minecraft:dirt":2353,"minecraft:bone":10,"minecraft:wheat_seeds":401,"minecraft:iron_ingot":9,"minecraft:stone_pickaxe":10,"minecraft:iron_sword":4,"minecraft:oak_planks":12,"minecraft:cooked_porkchop":37,"minecraft:pumpkin":11,"minecraft:dandelion":1,"minecraft:gravel":9,"minecraft:sand":532,"minecraft:white_bed":3,"minecraft:spider_eye":7,"minecraft:pumpkin_seeds":16,"minecraft:diamond":12,"minecraft:stone_axe":13,"minecraft:chainmail_leggings":1,"minecraft:granite":11,"minecraft:cherry_sapling":121,"minecraft:baked_potato":3,"minecraft:cherry_slab":109,"minecraft:melon_seeds":4,"minecraft:coal":142},"minecraft:killed_by":{"minecraft:creeper":2,"minecraft:skeleton":3},"minecraft:killed":{"minecraft:spider":14,"minecraft:skeleton":4,"minecraft:pig":4,"minecraft:salmon":29,"minecraft:squid":1,"minecraft:creeper":2,"minecraft:trader_llama":1,"minecraft:zombie":44},"minecraft:used":{"minecraft:cherry_sapling":24,"minecraft:moss_carpet":3,"minecraft:iron_shovel":255,"minecraft:stone_shovel":2736,"minecraft:diamond_hoe":309,"minecraft:ladder":7,"minecraft:shield":7,"minecraft:chest":21,"minecraft:iron_sword":63,"minecraft:cooked_salmon":26,"minecraft:rotten_flesh":2,"minecraft:torch":141,"minecraft:dirt":762,"minecraft:carrot":217,"minecraft:granite":3,"minecraft:glass":279,"minecraft:wooden_axe":36,"minecraft:lantern":1,"minecraft:iron_axe":427,"minecraft:cherry_slab":870,"minecraft:cherry_trapdoor":1,"minecraft:furnace":3,"minecraft:potato":24,"minecraft:cobbled_deepslate":26,"minecraft:cherry_log":2,"minecraft:wheat_seeds":223,"minecraft:cooked_mutton":2,"minecraft:water_bucket":73,"minecraft:glass_bottle":1,"minecraft:stone_pickaxe":669,"minecraft:oak_planks":2,"minecraft:wooden_pickaxe":10,"minecraft:sandstone":1,"minecraft:cherry_planks":874,"minecraft:cobblestone_slab":8,"minecraft:sand":1,"minecraft:crafting_table":10,"minecraft:white_bed":3,"minecraft:smoker":2,"minecraft:pumpkin_seeds":19,"minecraft:wooden_hoe":24,"minecraft:cherry_door":3,"minecraft:wind_charge":3,"minecraft:bread":7,"minecraft:string":1,"minecraft:iron_pickaxe":197,"minecraft:stone_axe":332,"minecraft:fishing_rod":1,"minecraft:cherry_stairs":62,"minecraft:cobblestone":8,"minecraft:cooked_porkchop":10,"minecraft:bucket":73,"minecraft:stripped_cherry_log":1},"minecraft:broken":{"minecraft:iron_shovel":1,"minecraft:stone_pickaxe":4,"minecraft:iron_axe":2,"minecraft:stone_axe":1,"minecraft:stone_shovel":19}},"DataVersion":3953}