{"stats":{"minecraft:dropped":{"minecraft:diamond_axe":2,"minecraft:cooked_beef":19,"minecraft:oak_log":1,"minecraft:diamond":46,"minecraft:honeycomb":5,"minecraft:flint":2,"minecraft:dirt":56,"minecraft:cherry_button":20,"minecraft:gilded_blackstone":1,"minecraft:amethyst_shard":64,"minecraft:bone_meal":2,"minecraft:sand":32,"minecraft:iron_pickaxe":2,"minecraft:bone":131,"minecraft:gravel":71,"minecraft:blackstone":9,"minecraft:ancient_debris":17,"minecraft:chiseled_tuff_bricks":3,"minecraft:cobbled_deepslate":52,"minecraft:obsidian":69,"minecraft:rotten_flesh":37,"minecraft:enchanted_golden_apple":1,"minecraft:chainmail_chestplate":2,"minecraft:tipped_arrow":1,"minecraft:acacia_sapling":7,"minecraft:iron_ore":31,"minecraft:arrow":2,"minecraft:crying_obsidian":24,"minecraft:quartz":10,"minecraft:splash_potion":2,"minecraft:netherrack":293,"minecraft:stone_hoe":1,"minecraft:golden_boots":2,"minecraft:iron_ingot":34,"minecraft:wheat_seeds":7,"minecraft:cherry_log":1,"minecraft:deepslate_iron_ore":80,"minecraft:deepslate_diamond_ore":2,"minecraft:iron_helmet":1,"minecraft:cobblestone":152,"minecraft:spectral_arrow":4,"minecraft:granite":4,"minecraft:ominous_trial_key":1,"minecraft:chainmail_helmet":5,"minecraft:diorite":19,"minecraft:golden_carrot":2,"minecraft:torch":5,"minecraft:cherry_planks":18,"minecraft:potion":2,"minecraft:iron_leggings":2,"minecraft:chainmail_leggings":30,"minecraft:string":4,"minecraft:pink_petals":23,"minecraft:bucket":2,"minecraft:smooth_basalt":7,"minecraft:redstone":15,"minecraft:tuff_bricks":5,"minecraft:tuff":7,"minecraft:raw_iron":38,"minecraft:iron_boots":30,"minecraft:acacia_leaves":5,"minecraft:flint_and_steel":1,"minecraft:bundle":1,"minecraft:iron_chestplate":3,"minecraft:andesite":1,"minecraft:golden_leggings":1,"minecraft:oak_sapling":1,"minecraft:golden_sword":1,"minecraft:spider_eye":2,"minecraft:slime_ball":50,"minecraft:bow":1,"minecraft:calcite":11},"minecraft:crafted":{"minecraft:oak_planks":1392,"minecraft:cherry_slab":414,"minecraft:cooked_chicken":8,"minecraft:wolf_armor":1,"minecraft:stone":22,"minecraft:diamond_shovel":1,"minecraft:cooked_mutton":45,"minecraft:mace":1,"minecraft:diamond_helmet":2,"minecraft:bow":1,"minecraft:diamond_leggings":1,"minecraft:iron_boots":3,"minecraft:chest":6,"minecraft:oak_button":16,"minecraft:golden_boots":1,"minecraft:oak_slab":12,"minecraft:arrow":128,"minecraft:emerald":190,"minecraft:cooked_porkchop":24,"minecraft:diamond_axe":2,"minecraft:crafting_table":5,"minecraft:wooden_pickaxe":1,"minecraft:iron_helmet":3,"minecraft:copper_ingot":31,"minecraft:hay_block":1,"minecraft:acacia_button":156,"minecraft:iron_chestplate":4,"minecraft:diamond_pickaxe":4,"minecraft:yellow_dye":1,"minecraft:shield":4,"minecraft:stick":6084,"minecraft:iron_ingot":309,"minecraft:iron_pickaxe":1,"minecraft:iron_block":3,"minecraft:stone_sword":1,"minecraft:gold_ingot":154,"minecraft:deepslate_bricks":104,"minecraft:cherry_planks":1420,"minecraft:raw_iron":9,"minecraft:stone_shovel":1,"minecraft:spyglass":1,"minecraft:furnace":9,"minecraft:yellow_bed":1,"minecraft:bone_meal":33,"minecraft:flint_and_steel":1,"minecraft:polished_deepslate":104,"minecraft:iron_axe":4,"minecraft:cherry_stairs":12,"minecraft:stone_pickaxe":1,"minecraft:diamond_boots":1,"minecraft:cooked_beef":157,"minecraft:bucket":2,"minecraft:stone_axe":2,"minecraft:bread":29,"minecraft:air":0,"minecraft:iron_shovel":1,"minecraft:cherry_door":3,"minecraft:iron_leggings":2,"minecraft:anvil":1,"minecraft:white_bed":1,"minecraft:acacia_planks":1412,"minecraft:torch":92,"minecraft:diamond_chestplate":1},"minecraft:mined":{"minecraft:large_amethyst_bud":3,"minecraft:cherry_log":661,"minecraft:sculk_vein":1,"minecraft:obsidian":145,"minecraft:granite":10,"minecraft:acacia_log":552,"minecraft:grass_block":135,"minecraft:deepslate_bricks":2,"minecraft:soul_soil":14,"minecraft:chiseled_tuff_bricks":2,"minecraft:tuff_bricks":13,"minecraft:spawner":1,"minecraft:magma_block":1,"minecraft:raw_iron_block":1,"minecraft:fire":24,"minecraft:iron_ore":150,"minecraft:cobbled_deepslate":10,"minecraft:deepslate_lapis_ore":20,"minecraft:pointed_dripstone":32,"minecraft:orange_bed":1,"minecraft:deepslate_redstone_ore":17,"minecraft:red_bed":1,"minecraft:blackstone":208,"minecraft:crimson_nylium":3,"minecraft:amethyst_cluster":42,"minecraft:torch":4,"minecraft:calcite":15,"minecraft:melon":5,"minecraft:chest":2,"minecraft:nether_quartz_ore":49,"minecraft:cobblestone":33,"minecraft:grindstone":1,"minecraft:wall_torch":14,"minecraft:amethyst_block":19,"minecraft:cherry_slab":194,"minecraft:pink_petals":30,"minecraft:warped_nylium":2,"minecraft:wheat":122,"minecraft:magenta_bed":1,"minecraft:waxed_copper_block":2,"minecraft:oak_log":419,"minecraft:cherry_button":1,"minecraft:sand":226,"minecraft:dirt":38,"minecraft:smooth_basalt":11,"minecraft:dispenser":1,"minecraft:ancient_debris":17,"minecraft:netherrack":7554,"minecraft:oak_leaves":42,"minecraft:deepslate":246,"minecraft:nether_gold_ore":20,"minecraft:diamond_ore":1,"minecraft:crying_obsidian":2,"minecraft:tuff":27,"minecraft:deepslate_diamond_ore":30,"minecraft:cherry_sapling":28,"minecraft:heavy_core":1,"minecraft:hay_block":1,"minecraft:redstone_ore":8,"minecraft:furnace":14,"minecraft:andesite":31,"minecraft:deepslate_iron_ore":104,"minecraft:packed_ice":1,"minecraft:stone":507,"minecraft:cherry_stairs":2,"minecraft:acacia_leaves":41,"minecraft:cherry_planks":106,"minecraft:soul_sand":3,"minecraft:basalt":9,"minecraft:dandelion":1,"minecraft:crafting_table":11,"minecraft:short_grass":75,"minecraft:tall_grass":30,"minecraft:copper_ore":13,"minecraft:deepslate_gold_ore":16,"minecraft:lapis_ore":10,"minecraft:sculk":83,"minecraft:diorite":23,"minecraft:bee_nest":8,"minecraft:yellow_bed":6,"minecraft:coal_ore":243,"minecraft:cherry_leaves":57,"minecraft:gravel":21,"minecraft:dripstone_block":2,"minecraft:acacia_planks":1,"minecraft:gold_ore":10},"minecraft:custom":{"minecraft:animals_bred":9,"minecraft:interact_with_crafting_table":92,"minecraft:open_barrel":8,"minecraft:leave_game":18,"minecraft:time_since_death":79121,"minecraft:sprint_one_cm":2450119,"minecraft:damage_blocked_by_shield":6947,"minecraft:drop":229,"minecraft:talked_to_villager":139,"minecraft:play_time":864245,"minecraft:deaths":9,"minecraft:jump":14816,"minecraft:walk_on_water_one_cm":97405,"minecraft:interact_with_furnace":415,"minecraft:traded_with_villager":203,"minecraft:sleep_in_bed":11,"minecraft:damage_dealt":49691,"minecraft:player_kills":1,"minecraft:crouch_one_cm":255556,"minecraft:inspect_dispenser":11,"minecraft:horse_one_cm":129,"minecraft:mob_kills":322,"minecraft:interact_with_anvil":5,"minecraft:climb_one_cm":6472,"minecraft:walk_one_cm":2747661,"minecraft:sneak_time":82584,"minecraft:walk_under_water_one_cm":37615,"minecraft:boat_one_cm":24012,"minecraft:interact_with_blast_furnace":30,"minecraft:total_world_time":864245,"minecraft:interact_with_grindstone":2,"minecraft:interact_with_stonecutter":1,"minecraft:time_since_rest":79161,"minecraft:damage_taken":14775,"minecraft:damage_absorbed":40,"minecraft:swim_one_cm":147725,"minecraft:fly_one_cm":2497393,"minecraft:open_chest":487,"minecraft:fall_one_cm":422857},"minecraft:picked_up":{"minecraft:iron_chestplate":9,"minecraft:wheat":120,"minecraft:diamond_sword":2,"minecraft:potion":8,"minecraft:enchanted_book":5,"minecraft:gilded_blackstone":1,"minecraft:nether_brick":27,"minecraft:golden_sword":1,"minecraft:amethyst_block":19,"minecraft:string":14,"minecraft:soul_soil":1,"minecraft:raw_copper":86,"minecraft:iron_leggings":7,"minecraft:cherry_boat":2,"minecraft:diamond_leggings":2,"minecraft:gold_nugget":35,"minecraft:cobbled_deepslate":545,"minecraft:bucket":8,"minecraft:calcite":11,"minecraft:iron_pickaxe":3,"minecraft:enchanted_golden_apple":2,"minecraft:melon_slice":25,"minecraft:deepslate_iron_ore":160,"minecraft:furnace":14,"minecraft:iron_boots":26,"minecraft:tipped_arrow":32,"minecraft:golden_helmet":3,"minecraft:stick":552,"minecraft:torch":55,"minecraft:acacia_log":713,"minecraft:porkchop":28,"minecraft:cherry_log":730,"minecraft:pointed_dripstone":192,"minecraft:diorite":20,"minecraft:orange_bed":1,"minecraft:nether_gold_ore":8,"minecraft:rotten_flesh":163,"minecraft:iron_block":1,"minecraft:armadillo_scute":15,"minecraft:obsidian":382,"minecraft:cobblestone":844,"minecraft:pink_petals":185,"minecraft:magma_block":1,"minecraft:feather":13,"minecraft:cooked_beef":54,"minecraft:cherry_planks":648,"minecraft:water_bucket":6,"minecraft:andesite":22,"minecraft:brown_wool":1,"minecraft:acacia_leaves":5,"minecraft:golden_leggings":1,"minecraft:potato":1,"minecraft:flint":3,"minecraft:tuff":38,"minecraft:magenta_bed":1,"minecraft:lapis_lazuli":793,"minecraft:cherry_door":2,"minecraft:dirt":246,"minecraft:bone":133,"minecraft:acacia_planks":129,"minecraft:bow":4,"minecraft:wheat_seeds":377,"minecraft:raw_gold":25,"minecraft:grindstone":1,"minecraft:diamond_helmet":8,"minecraft:stone_hoe":1,"minecraft:honeycomb":5,"minecraft:ghast_tear":1,"minecraft:sand":771,"minecraft:spectral_arrow":68,"minecraft:bundle":1,"minecraft:dispenser":1,"minecraft:deepslate":6,"minecraft:diamond":128,"minecraft:bone_meal":2,"minecraft:breeze_rod":109,"minecraft:crossbow":12,"minecraft:granite":11,"minecraft:golden_apple":28,"minecraft:emerald":125,"minecraft:bread":45,"minecraft:oak_sapling":32,"minecraft:cherry_slab":201,"minecraft:netherrack":2972,"minecraft:ominous_trial_key":3,"minecraft:crimson_roots":1,"minecraft:diamond_pickaxe":10,"minecraft:crafting_table":13,"minecraft:bee_nest":7,"minecraft:splash_potion":11,"minecraft:chicken":9,"minecraft:ladder":1,"minecraft:shield":5,"minecraft:wind_charge":148,"minecraft:red_bed":4,"minecraft:iron_axe":8,"minecraft:flint_and_steel":3,"minecraft:blackstone":143,"minecraft:deepslate_diamond_ore":2,"minecraft:beef":51,"minecraft:light_gray_wool":1,"minecraft:chest":2,"minecraft:cherry_button":105,"minecraft:phantom_membrane":9,"minecraft:diamond_hoe":4,"minecraft:raw_iron":610,"minecraft:stone":3,"minecraft:cherry_stairs":2,"minecraft:copper_ingot":4,"minecraft:fire_charge":7,"minecraft:mace":3,"minecraft:carrot":1,"minecraft:redstone":286,"minecraft:music_disc_creator_music_box":1,"minecraft:arrow":447,"minecraft:diamond_chestplate":3,"minecraft:diamond_boots":4,"minecraft:deepslate_bricks":2,"minecraft:hay_block":1,"minecraft:saddle":2,"minecraft:gold_ingot":44,"minecraft:tuff_bricks":13,"minecraft:mutton":45,"minecraft:rail":28,"minecraft:white_wool":25,"minecraft:glow_ink_sac":12,"minecraft:leather":57,"minecraft:ancient_debris":17,"minecraft:oak_log":449,"minecraft:waxed_copper_block":2,"minecraft:golden_boots":2,"minecraft:yellow_bed":6,"minecraft:gunpowder":28,"minecraft:cooked_mutton":117,"minecraft:apple":13,"minecraft:iron_ingot":94,"minecraft:cooked_chicken":3,"minecraft:iron_ore":62,"minecraft:glass_bottle":1,"minecraft:soul_sand":36,"minecraft:acacia_sapling":15,"minecraft:smooth_basalt":8,"minecraft:nether_quartz_ore":42,"minecraft:birch_boat":3,"minecraft:heavy_core":1,"minecraft:raw_iron_block":1,"minecraft:quartz":28,"minecraft:dandelion":1,"minecraft:spyglass":5,"minecraft:dripstone_block":2,"minecraft:gravel":74,"minecraft:amethyst_shard":333,"minecraft:gold_ore":2,"minecraft:crying_obsidian":48,"minecraft:spider_eye":12,"minecraft:diamond_shovel":8,"minecraft:slime_ball":54,"minecraft:chainmail_leggings":27,"minecraft:iron_helmet":6,"minecraft:diamond_axe":6,"minecraft:cherry_sapling":239,"minecraft:gray_wool":1,"minecraft:baked_potato":27,"minecraft:warped_nylium":2,"minecraft:black_wool":3,"minecraft:crimson_nylium":3,"minecraft:chiseled_tuff_bricks":4,"minecraft:coal":781,"minecraft:ender_pearl":4},"minecraft:killed_by":{"minecraft:creeper":2,"minecraft:husk":1,"minecraft:player":1,"minecraft:stray":2,"minecraft:enderman":1},"minecraft:killed":{"minecraft:witch":2,"minecraft:spider":17,"minecraft:skeleton":36,"minecraft:chicken":9,"minecraft:magma_cube":1,"minecraft:piglin":16,"minecraft:pig":16,"minecraft:zombie_villager":4,"minecraft:creeper":18,"minecraft:sheep":30,"minecraft:trader_llama":2,"minecraft:zombie":105,"minecraft:ghast":3,"minecraft:stray":1,"minecraft:cow":26,"minecraft:bogged":2,"minecraft:slime":14,"minecraft:phantom":9,"minecraft:drowned":1,"minecraft:husk":1,"minecraft:enderman":2},"minecraft:used":{"minecraft:tuff_bricks":8,"minecraft:cherry_sapling":94,"minecraft:iron_shovel":251,"minecraft:dispenser":1,"minecraft:ladder":1,"minecraft:chest":9,"minecraft:shield":114,"minecraft:stone":2,"minecraft:rotten_flesh":13,"minecraft:iron_chestplate":2,"minecraft:acacia_sapling":2,"minecraft:acacia_button":156,"minecraft:tuff":3,"minecraft:iron_helmet":1,"minecraft:cherry_button":65,"minecraft:bow":45,"minecraft:hay_block":1,"minecraft:furnace":23,"minecraft:diorite":1,"minecraft:stone_pickaxe":130,"minecraft:blackstone":89,"minecraft:ender_pearl":2,"minecraft:wooden_pickaxe":17,"minecraft:diamond_axe":1280,"minecraft:golden_apple":1,"minecraft:crossbow":52,"minecraft:mace":1,"minecraft:bread":45,"minecraft:melon_slice":8,"minecraft:brown_wool":1,"minecraft:gravel":3,"minecraft:chiseled_tuff_bricks":1,"minecraft:diamond_sword":13,"minecraft:grindstone":2,"minecraft:andesite":5,"minecraft:bone_meal":33,"minecraft:cherry_boat":2,"minecraft:stone_sword":140,"minecraft:acacia_log":5,"minecraft:flint_and_steel":1,"minecraft:stone_shovel":132,"minecraft:cooked_chicken":11,"minecraft:netherrack":420,"minecraft:orange_bed":1,"minecraft:torch":108,"minecraft:dirt":46,"minecraft:spyglass":5,"minecraft:anvil":1,"minecraft:bee_nest":7,"minecraft:granite":5,"minecraft:iron_axe":1080,"minecraft:cherry_slab":615,"minecraft:iron_boots":1,"minecraft:smooth_basalt":1,"minecraft:soul_soil":1,"minecraft:cobbled_deepslate":19,"minecraft:cooked_beef":71,"minecraft:acacia_planks":1,"minecraft:cherry_log":186,"minecraft:iron_leggings":1,"minecraft:wheat_seeds":122,"minecraft:cooked_mutton":44,"minecraft:water_bucket":65,"minecraft:amethyst_block":1,"minecraft:baked_potato":13,"minecraft:birch_boat":1,"minecraft:cherry_planks":482,"minecraft:stonecutter":1,"minecraft:glow_ink_sac":1,"minecraft:gold_ore":2,"minecraft:deepslate_bricks":106,"minecraft:waxed_copper_block":2,"minecraft:oak_slab":12,"minecraft:crafting_table":15,"minecraft:oak_log":19,"minecraft:black_wool":1,"minecraft:diamond_pickaxe":9285,"minecraft:apple":11,"minecraft:ominous_trial_key":2,"minecraft:diamond_shovel":55,"minecraft:cherry_door":5,"minecraft:wind_charge":30,"minecraft:oak_button":16,"minecraft:iron_pickaxe":261,"minecraft:stone_axe":220,"minecraft:pink_petals":53,"minecraft:cobblestone":146,"minecraft:potion":1,"minecraft:cherry_stairs":14,"minecraft:cooked_porkchop":24,"minecraft:bucket":68,"minecraft:yellow_bed":7},"minecraft:broken":{"minecraft:iron_shovel":1,"minecraft:stone_pickaxe":1,"minecraft:stone_axe":2,"minecraft:stone_shovel":1,"minecraft:stone_sword":1,"minecraft:shield":1,"minecraft:iron_axe":4,"minecraft:iron_pickaxe":1}},"DataVersion":3953}