{"stats":{"minecraft:dropped":{"minecraft:diamond_axe":1,"minecraft:cooked_beef":19,"minecraft:oak_log":1,"minecraft:honeycomb":5,"minecraft:dirt":23,"minecraft:amethyst_shard":64,"minecraft:sand":32,"minecraft:iron_pickaxe":2,"minecraft:bone":131,"minecraft:chiseled_tuff_bricks":3,"minecraft:cobbled_deepslate":38,"minecraft:rotten_flesh":16,"minecraft:enchanted_golden_apple":1,"minecraft:tipped_arrow":1,"minecraft:arrow":2,"minecraft:splash_potion":2,"minecraft:stone_hoe":1,"minecraft:iron_ingot":34,"minecraft:wheat_seeds":2,"minecraft:cherry_log":1,"minecraft:cobblestone":152,"minecraft:granite":3,"minecraft:ominous_trial_key":1,"minecraft:diorite":19,"minecraft:golden_carrot":2,"minecraft:torch":5,"minecraft:cherry_planks":18,"minecraft:potion":2,"minecraft:iron_leggings":1,"minecraft:pink_petals":23,"minecraft:bucket":2,"minecraft:smooth_basalt":7,"minecraft:redstone":15,"minecraft:tuff_bricks":5,"minecraft:tuff":7,"minecraft:flint_and_steel":1,"minecraft:bundle":1,"minecraft:iron_chestplate":1,"minecraft:spider_eye":2,"minecraft:slime_ball":50,"minecraft:calcite":11},"minecraft:crafted":{"minecraft:oak_planks":40,"minecraft:cherry_slab":414,"minecraft:cooked_chicken":8,"minecraft:stone":1,"minecraft:diamond_shovel":1,"minecraft:cooked_mutton":45,"minecraft:mace":1,"minecraft:diamond_helmet":1,"minecraft:iron_boots":1,"minecraft:chest":6,"minecraft:oak_slab":12,"minecraft:cooked_porkchop":24,"minecraft:crafting_table":4,"minecraft:wooden_pickaxe":1,"minecraft:iron_helmet":1,"minecraft:copper_ingot":8,"minecraft:iron_chestplate":4,"minecraft:diamond_pickaxe":1,"minecraft:yellow_dye":1,"minecraft:shield":1,"minecraft:stick":24,"minecraft:iron_ingot":163,"minecraft:iron_pickaxe":1,"minecraft:stone_sword":1,"minecraft:gold_ingot":21,"minecraft:deepslate_bricks":104,"minecraft:cherry_planks":908,"minecraft:raw_iron":9,"minecraft:stone_shovel":1,"minecraft:spyglass":1,"minecraft:furnace":8,"minecraft:yellow_bed":1,"minecraft:flint_and_steel":1,"minecraft:polished_deepslate":104,"minecraft:iron_axe":4,"minecraft:cherry_stairs":12,"minecraft:stone_pickaxe":1,"minecraft:cooked_beef":47,"minecraft:bucket":1,"minecraft:stone_axe":2,"minecraft:air":0,"minecraft:iron_shovel":1,"minecraft:cherry_door":3,"minecraft:iron_leggings":2,"minecraft:white_bed":1,"minecraft:torch":28},"minecraft:mined":{"minecraft:large_amethyst_bud":3,"minecraft:cherry_log":615,"minecraft:sculk_vein":1,"minecraft:obsidian":15,"minecraft:granite":10,"minecraft:grass_block":134,"minecraft:deepslate_bricks":2,"minecraft:chiseled_tuff_bricks":2,"minecraft:tuff_bricks":13,"minecraft:spawner":1,"minecraft:raw_iron_block":1,"minecraft:iron_ore":98,"minecraft:cobbled_deepslate":3,"minecraft:fire":18,"minecraft:deepslate_lapis_ore":14,"minecraft:deepslate_redstone_ore":14,"minecraft:red_bed":1,"minecraft:amethyst_cluster":42,"minecraft:torch":1,"minecraft:calcite":15,"minecraft:melon":5,"minecraft:chest":2,"minecraft:cobblestone":25,"minecraft:wall_torch":10,"minecraft:amethyst_block":19,"minecraft:cherry_slab":194,"minecraft:pink_petals":30,"minecraft:magenta_bed":1,"minecraft:waxed_copper_block":2,"minecraft:oak_log":10,"minecraft:sand":226,"minecraft:dirt":29,"minecraft:smooth_basalt":11,"minecraft:dispenser":1,"minecraft:netherrack":1,"minecraft:oak_leaves":5,"minecraft:deepslate":208,"minecraft:crying_obsidian":2,"minecraft:tuff":22,"minecraft:deepslate_diamond_ore":11,"minecraft:cherry_sapling":28,"minecraft:heavy_core":1,"minecraft:redstone_ore":8,"minecraft:furnace":13,"minecraft:andesite":26,"minecraft:deepslate_iron_ore":80,"minecraft:packed_ice":1,"minecraft:stone":448,"minecraft:cherry_stairs":2,"minecraft:cherry_planks":106,"minecraft:dandelion":1,"minecraft:crafting_table":10,"minecraft:short_grass":37,"minecraft:tall_grass":8,"minecraft:copper_ore":6,"minecraft:lapis_ore":8,"minecraft:deepslate_gold_ore":16,"minecraft:sculk":83,"minecraft:diorite":23,"minecraft:yellow_bed":6,"minecraft:coal_ore":165,"minecraft:cherry_leaves":56,"minecraft:gravel":4,"minecraft:gold_ore":8},"minecraft:custom":{"minecraft:interact_with_crafting_table":62,"minecraft:open_barrel":8,"minecraft:leave_game":14,"minecraft:time_since_death":96239,"minecraft:sprint_one_cm":1111543,"minecraft:damage_blocked_by_shield":3843,"minecraft:drop":88,"minecraft:talked_to_villager":10,"minecraft:play_time":396052,"minecraft:deaths":5,"minecraft:jump":6195,"minecraft:walk_on_water_one_cm":49178,"minecraft:interact_with_furnace":251,"minecraft:sleep_in_bed":8,"minecraft:damage_dealt":19950,"minecraft:player_kills":1,"minecraft:crouch_one_cm":187943,"minecraft:inspect_dispenser":11,"minecraft:horse_one_cm":129,"minecraft:mob_kills":145,"minecraft:climb_one_cm":6472,"minecraft:walk_one_cm":1221342,"minecraft:sneak_time":59127,"minecraft:walk_under_water_one_cm":32297,"minecraft:total_world_time":396052,"minecraft:time_since_rest":96284,"minecraft:damage_taken":7144,"minecraft:damage_absorbed":40,"minecraft:swim_one_cm":125082,"minecraft:fly_one_cm":971867,"minecraft:open_chest":128,"minecraft:fall_one_cm":173893},"minecraft:picked_up":{"minecraft:iron_chestplate":7,"minecraft:potion":8,"minecraft:enchanted_book":4,"minecraft:amethyst_block":19,"minecraft:string":5,"minecraft:raw_copper":17,"minecraft:iron_leggings":5,"minecraft:cobbled_deepslate":450,"minecraft:bucket":7,"minecraft:calcite":11,"minecraft:iron_pickaxe":3,"minecraft:enchanted_golden_apple":2,"minecraft:melon_slice":25,"minecraft:furnace":13,"minecraft:iron_boots":4,"minecraft:tipped_arrow":31,"minecraft:golden_helmet":3,"minecraft:stick":67,"minecraft:torch":46,"minecraft:porkchop":19,"minecraft:cherry_log":684,"minecraft:diorite":20,"minecraft:rotten_flesh":98,"minecraft:iron_block":1,"minecraft:obsidian":26,"minecraft:cobblestone":733,"minecraft:pink_petals":181,"minecraft:feather":13,"minecraft:cooked_beef":4,"minecraft:cherry_planks":648,"minecraft:water_bucket":4,"minecraft:andesite":17,"minecraft:brown_wool":1,"minecraft:flint":1,"minecraft:tuff":22,"minecraft:magenta_bed":1,"minecraft:lapis_lazuli":646,"minecraft:cherry_door":2,"minecraft:dirt":190,"minecraft:bone":65,"minecraft:bow":1,"minecraft:wheat_seeds":18,"minecraft:raw_gold":24,"minecraft:diamond_helmet":4,"minecraft:honeycomb":5,"minecraft:stone_hoe":1,"minecraft:sand":771,"minecraft:bundle":1,"minecraft:dispenser":1,"minecraft:diamond":42,"minecraft:breeze_rod":55,"minecraft:crossbow":8,"minecraft:granite":10,"minecraft:golden_apple":20,"minecraft:emerald":125,"minecraft:bread":30,"minecraft:oak_sapling":3,"minecraft:cherry_slab":201,"minecraft:ominous_trial_key":3,"minecraft:diamond_pickaxe":5,"minecraft:crafting_table":11,"minecraft:splash_potion":11,"minecraft:chicken":9,"minecraft:ladder":1,"minecraft:shield":3,"minecraft:wind_charge":86,"minecraft:red_bed":4,"minecraft:iron_axe":7,"minecraft:flint_and_steel":2,"minecraft:beef":18,"minecraft:light_gray_wool":1,"minecraft:chest":2,"minecraft:phantom_membrane":3,"minecraft:diamond_hoe":4,"minecraft:raw_iron":373,"minecraft:cherry_stairs":2,"minecraft:copper_ingot":4,"minecraft:mace":1,"minecraft:carrot":1,"minecraft:redstone":244,"minecraft:music_disc_creator_music_box":1,"minecraft:arrow":95,"minecraft:deepslate_bricks":2,"minecraft:saddle":2,"minecraft:gold_ingot":44,"minecraft:tuff_bricks":13,"minecraft:mutton":42,"minecraft:white_wool":23,"minecraft:glow_ink_sac":12,"minecraft:leather":11,"minecraft:oak_log":11,"minecraft:waxed_copper_block":2,"minecraft:yellow_bed":6,"minecraft:gunpowder":7,"minecraft:cooked_mutton":117,"minecraft:iron_ingot":93,"minecraft:cooked_chicken":3,"minecraft:glass_bottle":1,"minecraft:acacia_sapling":2,"minecraft:smooth_basalt":8,"minecraft:birch_boat":1,"minecraft:heavy_core":1,"minecraft:raw_iron_block":1,"minecraft:dandelion":1,"minecraft:spyglass":3,"minecraft:gravel":3,"minecraft:amethyst_shard":333,"minecraft:crying_obsidian":2,"minecraft:spider_eye":2,"minecraft:diamond_shovel":5,"minecraft:slime_ball":54,"minecraft:iron_helmet":4,"minecraft:diamond_axe":1,"minecraft:cherry_sapling":239,"minecraft:gray_wool":1,"minecraft:baked_potato":27,"minecraft:black_wool":3,"minecraft:coal":513,"minecraft:chiseled_tuff_bricks":4},"minecraft:killed_by":{"minecraft:creeper":1,"minecraft:husk":1,"minecraft:stray":2},"minecraft:killed":{"minecraft:witch":2,"minecraft:spider":8,"minecraft:skeleton":8,"minecraft:chicken":9,"minecraft:pig":10,"minecraft:zombie_villager":2,"minecraft:creeper":8,"minecraft:sheep":28,"minecraft:zombie":38,"minecraft:stray":1,"minecraft:cow":8,"minecraft:slime":14,"minecraft:phantom":1,"minecraft:drowned":1,"minecraft:husk":1,"minecraft:enderman":1},"minecraft:used":{"minecraft:tuff_bricks":8,"minecraft:cherry_sapling":94,"minecraft:iron_shovel":251,"minecraft:dispenser":1,"minecraft:ladder":1,"minecraft:chest":9,"minecraft:shield":63,"minecraft:iron_chestplate":1,"minecraft:acacia_sapling":2,"minecraft:tuff":3,"minecraft:iron_helmet":1,"minecraft:furnace":21,"minecraft:diorite":1,"minecraft:stone_pickaxe":130,"minecraft:wooden_pickaxe":17,"minecraft:golden_apple":1,"minecraft:crossbow":9,"minecraft:bread":1,"minecraft:brown_wool":1,"minecraft:gravel":3,"minecraft:chiseled_tuff_bricks":1,"minecraft:grindstone":1,"minecraft:andesite":1,"minecraft:stone_sword":140,"minecraft:flint_and_steel":1,"minecraft:stone_shovel":132,"minecraft:cooked_chicken":11,"minecraft:torch":37,"minecraft:dirt":6,"minecraft:spyglass":2,"minecraft:granite":5,"minecraft:iron_axe":928,"minecraft:cherry_slab":615,"minecraft:iron_boots":1,"minecraft:smooth_basalt":1,"minecraft:cooked_beef":8,"minecraft:cobbled_deepslate":14,"minecraft:cherry_log":186,"minecraft:iron_leggings":1,"minecraft:cooked_mutton":39,"minecraft:water_bucket":38,"minecraft:amethyst_block":1,"minecraft:baked_potato":13,"minecraft:cherry_planks":482,"minecraft:glow_ink_sac":1,"minecraft:deepslate_bricks":106,"minecraft:waxed_copper_block":2,"minecraft:oak_slab":12,"minecraft:crafting_table":13,"minecraft:diamond_pickaxe":935,"minecraft:black_wool":1,"minecraft:ominous_trial_key":2,"minecraft:diamond_shovel":11,"minecraft:cherry_door":5,"minecraft:wind_charge":3,"minecraft:iron_pickaxe":261,"minecraft:pink_petals":53,"minecraft:stone_axe":220,"minecraft:cobblestone":85,"minecraft:potion":1,"minecraft:cherry_stairs":14,"minecraft:cooked_porkchop":24,"minecraft:bucket":40,"minecraft:yellow_bed":7},"minecraft:broken":{"minecraft:iron_shovel":1,"minecraft:stone_pickaxe":1,"minecraft:stone_axe":2,"minecraft:stone_shovel":1,"minecraft:stone_sword":1,"minecraft:shield":1,"minecraft:iron_axe":3,"minecraft:iron_pickaxe":1}},"DataVersion":3953}