{"stats":{"minecraft:dropped":{"minecraft:diamond_axe":1,"minecraft:cooked_beef":19,"minecraft:oak_log":1,"minecraft:honeycomb":5,"minecraft:flint":1,"minecraft:dirt":23,"minecraft:amethyst_shard":64,"minecraft:bone_meal":2,"minecraft:sand":32,"minecraft:iron_pickaxe":2,"minecraft:bone":131,"minecraft:chiseled_tuff_bricks":3,"minecraft:cobbled_deepslate":52,"minecraft:rotten_flesh":27,"minecraft:enchanted_golden_apple":1,"minecraft:tipped_arrow":1,"minecraft:acacia_sapling":2,"minecraft:arrow":2,"minecraft:splash_potion":2,"minecraft:stone_hoe":1,"minecraft:iron_ingot":34,"minecraft:wheat_seeds":2,"minecraft:cherry_log":1,"minecraft:cobblestone":152,"minecraft:granite":4,"minecraft:ominous_trial_key":1,"minecraft:diorite":19,"minecraft:golden_carrot":2,"minecraft:torch":5,"minecraft:cherry_planks":18,"minecraft:potion":2,"minecraft:iron_leggings":1,"minecraft:chainmail_leggings":27,"minecraft:string":4,"minecraft:pink_petals":23,"minecraft:bucket":2,"minecraft:smooth_basalt":7,"minecraft:redstone":15,"minecraft:tuff_bricks":5,"minecraft:tuff":7,"minecraft:iron_boots":20,"minecraft:flint_and_steel":1,"minecraft:bundle":1,"minecraft:iron_chestplate":1,"minecraft:andesite":1,"minecraft:spider_eye":2,"minecraft:slime_ball":50,"minecraft:bow":1,"minecraft:calcite":11},"minecraft:crafted":{"minecraft:oak_planks":1340,"minecraft:cherry_slab":414,"minecraft:cooked_chicken":8,"minecraft:stone":1,"minecraft:diamond_shovel":1,"minecraft:cooked_mutton":45,"minecraft:mace":1,"minecraft:diamond_helmet":2,"minecraft:diamond_leggings":1,"minecraft:iron_boots":3,"minecraft:chest":6,"minecraft:oak_slab":12,"minecraft:emerald":121,"minecraft:cooked_porkchop":24,"minecraft:diamond_axe":2,"minecraft:crafting_table":5,"minecraft:wooden_pickaxe":1,"minecraft:iron_helmet":3,"minecraft:copper_ingot":31,"minecraft:iron_chestplate":4,"minecraft:diamond_pickaxe":3,"minecraft:yellow_dye":1,"minecraft:shield":3,"minecraft:stick":4924,"minecraft:iron_ingot":309,"minecraft:iron_pickaxe":1,"minecraft:iron_block":3,"minecraft:stone_sword":1,"minecraft:gold_ingot":153,"minecraft:deepslate_bricks":104,"minecraft:cherry_planks":1420,"minecraft:raw_iron":9,"minecraft:stone_shovel":1,"minecraft:spyglass":1,"minecraft:furnace":9,"minecraft:yellow_bed":1,"minecraft:flint_and_steel":1,"minecraft:polished_deepslate":104,"minecraft:iron_axe":4,"minecraft:cherry_stairs":12,"minecraft:stone_pickaxe":1,"minecraft:diamond_boots":1,"minecraft:cooked_beef":126,"minecraft:bucket":1,"minecraft:stone_axe":2,"minecraft:air":0,"minecraft:iron_shovel":1,"minecraft:cherry_door":3,"minecraft:iron_leggings":2,"minecraft:anvil":1,"minecraft:white_bed":1,"minecraft:acacia_planks":584,"minecraft:torch":92,"minecraft:diamond_chestplate":1},"minecraft:mined":{"minecraft:large_amethyst_bud":3,"minecraft:cherry_log":615,"minecraft:sculk_vein":1,"minecraft:obsidian":95,"minecraft:granite":10,"minecraft:acacia_log":153,"minecraft:grass_block":134,"minecraft:deepslate_bricks":2,"minecraft:chiseled_tuff_bricks":2,"minecraft:tuff_bricks":13,"minecraft:spawner":1,"minecraft:raw_iron_block":1,"minecraft:cobbled_deepslate":10,"minecraft:iron_ore":150,"minecraft:fire":18,"minecraft:deepslate_lapis_ore":20,"minecraft:orange_bed":1,"minecraft:deepslate_redstone_ore":17,"minecraft:red_bed":1,"minecraft:amethyst_cluster":42,"minecraft:torch":4,"minecraft:calcite":15,"minecraft:melon":5,"minecraft:chest":2,"minecraft:cobblestone":33,"minecraft:grindstone":1,"minecraft:wall_torch":14,"minecraft:amethyst_block":19,"minecraft:cherry_slab":194,"minecraft:pink_petals":30,"minecraft:magenta_bed":1,"minecraft:waxed_copper_block":2,"minecraft:oak_log":339,"minecraft:sand":226,"minecraft:dirt":38,"minecraft:smooth_basalt":11,"minecraft:dispenser":1,"minecraft:netherrack":1,"minecraft:oak_leaves":23,"minecraft:deepslate":246,"minecraft:diamond_ore":1,"minecraft:crying_obsidian":2,"minecraft:tuff":25,"minecraft:deepslate_diamond_ore":30,"minecraft:cherry_sapling":28,"minecraft:heavy_core":1,"minecraft:redstone_ore":8,"minecraft:furnace":13,"minecraft:andesite":31,"minecraft:deepslate_iron_ore":90,"minecraft:packed_ice":1,"minecraft:stone":504,"minecraft:cherry_stairs":2,"minecraft:acacia_leaves":13,"minecraft:cherry_planks":106,"minecraft:dandelion":1,"minecraft:crafting_table":11,"minecraft:short_grass":46,"minecraft:tall_grass":8,"minecraft:copper_ore":13,"minecraft:deepslate_gold_ore":16,"minecraft:lapis_ore":10,"minecraft:sculk":83,"minecraft:diorite":23,"minecraft:yellow_bed":6,"minecraft:coal_ore":243,"minecraft:cherry_leaves":56,"minecraft:gravel":4,"minecraft:gold_ore":8},"minecraft:custom":{"minecraft:interact_with_crafting_table":79,"minecraft:open_barrel":8,"minecraft:leave_game":15,"minecraft:time_since_death":118771,"minecraft:sprint_one_cm":1641539,"minecraft:damage_blocked_by_shield":6586,"minecraft:drop":151,"minecraft:talked_to_villager":106,"minecraft:play_time":582578,"minecraft:deaths":7,"minecraft:jump":8694,"minecraft:walk_on_water_one_cm":85939,"minecraft:interact_with_furnace":357,"minecraft:traded_with_villager":125,"minecraft:sleep_in_bed":10,"minecraft:damage_dealt":32249,"minecraft:player_kills":1,"minecraft:crouch_one_cm":222782,"minecraft:inspect_dispenser":11,"minecraft:horse_one_cm":129,"minecraft:interact_with_anvil":2,"minecraft:mob_kills":213,"minecraft:climb_one_cm":6472,"minecraft:walk_one_cm":1794053,"minecraft:sneak_time":72639,"minecraft:walk_under_water_one_cm":33775,"minecraft:boat_one_cm":24012,"minecraft:interact_with_blast_furnace":15,"minecraft:total_world_time":582578,"minecraft:interact_with_grindstone":1,"minecraft:time_since_rest":100804,"minecraft:damage_taken":10323,"minecraft:damage_absorbed":40,"minecraft:swim_one_cm":133147,"minecraft:fly_one_cm":1370259,"minecraft:open_chest":272,"minecraft:fall_one_cm":236742},"minecraft:picked_up":{"minecraft:iron_chestplate":9,"minecraft:enchanted_book":4,"minecraft:potion":8,"minecraft:amethyst_block":19,"minecraft:string":9,"minecraft:raw_copper":86,"minecraft:iron_leggings":7,"minecraft:cobbled_deepslate":537,"minecraft:bucket":8,"minecraft:calcite":11,"minecraft:iron_pickaxe":3,"minecraft:enchanted_golden_apple":2,"minecraft:melon_slice":25,"minecraft:iron_boots":26,"minecraft:furnace":13,"minecraft:tipped_arrow":31,"minecraft:golden_helmet":3,"minecraft:stick":378,"minecraft:torch":53,"minecraft:acacia_log":279,"minecraft:porkchop":24,"minecraft:cherry_log":684,"minecraft:diorite":20,"minecraft:orange_bed":1,"minecraft:rotten_flesh":118,"minecraft:iron_block":1,"minecraft:obsidian":260,"minecraft:cobblestone":842,"minecraft:pink_petals":181,"minecraft:feather":13,"minecraft:cooked_beef":54,"minecraft:cherry_planks":648,"minecraft:water_bucket":5,"minecraft:andesite":22,"minecraft:brown_wool":1,"minecraft:flint":2,"minecraft:tuff":22,"minecraft:magenta_bed":1,"minecraft:lapis_lazuli":793,"minecraft:cherry_door":2,"minecraft:dirt":210,"minecraft:bone":105,"minecraft:bow":3,"minecraft:wheat_seeds":19,"minecraft:raw_gold":24,"minecraft:grindstone":1,"minecraft:diamond_helmet":6,"minecraft:honeycomb":5,"minecraft:stone_hoe":1,"minecraft:sand":771,"minecraft:bundle":1,"minecraft:dispenser":1,"minecraft:diamond":82,"minecraft:bone_meal":2,"minecraft:breeze_rod":109,"minecraft:crossbow":12,"minecraft:granite":11,"minecraft:golden_apple":28,"minecraft:emerald":125,"minecraft:bread":45,"minecraft:oak_sapling":31,"minecraft:cherry_slab":201,"minecraft:ominous_trial_key":3,"minecraft:diamond_pickaxe":7,"minecraft:crafting_table":13,"minecraft:splash_potion":11,"minecraft:chicken":9,"minecraft:ladder":1,"minecraft:shield":5,"minecraft:wind_charge":148,"minecraft:red_bed":4,"minecraft:iron_axe":8,"minecraft:flint_and_steel":2,"minecraft:beef":20,"minecraft:light_gray_wool":1,"minecraft:chest":2,"minecraft:phantom_membrane":6,"minecraft:diamond_hoe":4,"minecraft:raw_iron":539,"minecraft:cherry_stairs":2,"minecraft:copper_ingot":4,"minecraft:mace":3,"minecraft:carrot":1,"minecraft:redstone":286,"minecraft:music_disc_creator_music_box":1,"minecraft:arrow":351,"minecraft:diamond_chestplate":1,"minecraft:diamond_boots":2,"minecraft:deepslate_bricks":2,"minecraft:saddle":2,"minecraft:gold_ingot":44,"minecraft:tuff_bricks":13,"minecraft:mutton":45,"minecraft:white_wool":25,"minecraft:glow_ink_sac":12,"minecraft:leather":17,"minecraft:oak_log":365,"minecraft:waxed_copper_block":2,"minecraft:yellow_bed":6,"minecraft:gunpowder":15,"minecraft:cooked_mutton":117,"minecraft:apple":9,"minecraft:iron_ingot":93,"minecraft:cooked_chicken":3,"minecraft:glass_bottle":1,"minecraft:acacia_sapling":6,"minecraft:smooth_basalt":8,"minecraft:birch_boat":2,"minecraft:heavy_core":1,"minecraft:raw_iron_block":1,"minecraft:dandelion":1,"minecraft:spyglass":5,"minecraft:gravel":3,"minecraft:amethyst_shard":333,"minecraft:crying_obsidian":2,"minecraft:spider_eye":10,"minecraft:diamond_shovel":7,"minecraft:slime_ball":54,"minecraft:chainmail_leggings":27,"minecraft:iron_helmet":6,"minecraft:diamond_axe":2,"minecraft:cherry_sapling":239,"minecraft:gray_wool":1,"minecraft:baked_potato":27,"minecraft:black_wool":3,"minecraft:chiseled_tuff_bricks":4,"minecraft:coal":714},"minecraft:killed_by":{"minecraft:creeper":2,"minecraft:husk":1,"minecraft:stray":2,"minecraft:enderman":1},"minecraft:killed":{"minecraft:witch":2,"minecraft:spider":13,"minecraft:skeleton":21,"minecraft:chicken":9,"minecraft:pig":14,"minecraft:zombie_villager":2,"minecraft:creeper":12,"minecraft:sheep":30,"minecraft:trader_llama":2,"minecraft:zombie":67,"minecraft:stray":1,"minecraft:cow":10,"minecraft:slime":14,"minecraft:phantom":6,"minecraft:drowned":1,"minecraft:husk":1,"minecraft:enderman":2},"minecraft:used":{"minecraft:tuff_bricks":8,"minecraft:cherry_sapling":94,"minecraft:iron_shovel":251,"minecraft:dispenser":1,"minecraft:ladder":1,"minecraft:chest":9,"minecraft:shield":107,"minecraft:iron_chestplate":2,"minecraft:acacia_sapling":2,"minecraft:tuff":3,"minecraft:iron_helmet":1,"minecraft:furnace":22,"minecraft:diorite":1,"minecraft:stone_pickaxe":130,"minecraft:wooden_pickaxe":17,"minecraft:diamond_axe":503,"minecraft:golden_apple":1,"minecraft:crossbow":23,"minecraft:mace":1,"minecraft:bread":31,"minecraft:brown_wool":1,"minecraft:gravel":3,"minecraft:chiseled_tuff_bricks":1,"minecraft:grindstone":2,"minecraft:andesite":5,"minecraft:stone_sword":140,"minecraft:acacia_log":5,"minecraft:flint_and_steel":1,"minecraft:stone_shovel":132,"minecraft:cooked_chicken":11,"minecraft:orange_bed":1,"minecraft:torch":108,"minecraft:dirt":43,"minecraft:spyglass":3,"minecraft:anvil":1,"minecraft:granite":5,"minecraft:iron_axe":1080,"minecraft:cherry_slab":615,"minecraft:iron_boots":1,"minecraft:smooth_basalt":1,"minecraft:cooked_beef":25,"minecraft:cobbled_deepslate":19,"minecraft:cherry_log":186,"minecraft:iron_leggings":1,"minecraft:cooked_mutton":44,"minecraft:water_bucket":44,"minecraft:amethyst_block":1,"minecraft:baked_potato":13,"minecraft:cherry_planks":482,"minecraft:glow_ink_sac":1,"minecraft:deepslate_bricks":106,"minecraft:waxed_copper_block":2,"minecraft:oak_slab":12,"minecraft:crafting_table":15,"minecraft:oak_log":6,"minecraft:diamond_pickaxe":1311,"minecraft:black_wool":1,"minecraft:ominous_trial_key":2,"minecraft:diamond_shovel":16,"minecraft:cherry_door":5,"minecraft:wind_charge":16,"minecraft:iron_pickaxe":261,"minecraft:pink_petals":53,"minecraft:stone_axe":220,"minecraft:cobblestone":146,"minecraft:potion":1,"minecraft:cherry_stairs":14,"minecraft:cooked_porkchop":24,"minecraft:bucket":46,"minecraft:yellow_bed":7},"minecraft:broken":{"minecraft:iron_shovel":1,"minecraft:stone_pickaxe":1,"minecraft:stone_axe":2,"minecraft:stone_shovel":1,"minecraft:stone_sword":1,"minecraft:shield":1,"minecraft:iron_axe":4,"minecraft:iron_pickaxe":1}},"DataVersion":3953}