{"stats":{"minecraft:killed_by":{"minecraft:husk":1,"minecraft:stray":2},"minecraft:mined":{"minecraft:large_amethyst_bud":3,"minecraft:tuff":19,"minecraft:deepslate_diamond_ore":11,"minecraft:sculk_vein":1,"minecraft:cherry_log":366,"minecraft:obsidian":3,"minecraft:granite":2,"minecraft:grass_block":133,"minecraft:heavy_core":1,"minecraft:deepslate_bricks":2,"minecraft:chiseled_tuff_bricks":2,"minecraft:tuff_bricks":13,"minecraft:spawner":1,"minecraft:furnace":10,"minecraft:cobbled_deepslate":1,"minecraft:iron_ore":52,"minecraft:fire":18,"minecraft:andesite":18,"minecraft:deepslate_lapis_ore":5,"minecraft:deepslate_iron_ore":62,"minecraft:packed_ice":1,"minecraft:stone":323,"minecraft:deepslate_redstone_ore":8,"minecraft:cherry_planks":57,"minecraft:red_bed":1,"minecraft:amethyst_cluster":25,"minecraft:dandelion":1,"minecraft:crafting_table":9,"minecraft:short_grass":31,"minecraft:chest":2,"minecraft:tall_grass":4,"minecraft:copper_ore":6,"minecraft:cobblestone":6,"minecraft:lapis_ore":6,"minecraft:deepslate_gold_ore":15,"minecraft:sculk":83,"minecraft:diorite":10,"minecraft:wall_torch":4,"minecraft:cherry_slab":175,"minecraft:pink_petals":18,"minecraft:magenta_bed":1,"minecraft:waxed_copper_block":2,"minecraft:yellow_bed":5,"minecraft:coal_ore":152,"minecraft:oak_log":10,"minecraft:cherry_leaves":44,"minecraft:gravel":4,"minecraft:sand":226,"minecraft:dirt":27,"minecraft:smooth_basalt":1,"minecraft:dispenser":1,"minecraft:oak_leaves":5,"minecraft:deepslate":177},"minecraft:dropped":{"minecraft:stone_hoe":1,"minecraft:iron_ingot":34,"minecraft:diamond_axe":1,"minecraft:cooked_beef":19,"minecraft:cherry_log":1,"minecraft:oak_log":1,"minecraft:cobblestone":152,"minecraft:honeycomb":5,"minecraft:granite":2,"minecraft:ominous_trial_key":1,"minecraft:dirt":4,"minecraft:golden_carrot":2,"minecraft:diorite":19,"minecraft:cherry_planks":18,"minecraft:iron_leggings":1,"minecraft:potion":2,"minecraft:amethyst_shard":64,"minecraft:sand":32,"minecraft:iron_pickaxe":2,"minecraft:pink_petals":4,"minecraft:bucket":2,"minecraft:bone":131,"minecraft:redstone":15,"minecraft:tuff_bricks":5,"minecraft:chiseled_tuff_bricks":3,"minecraft:cobbled_deepslate":19,"minecraft:tuff":4,"minecraft:rotten_flesh":4,"minecraft:enchanted_golden_apple":1,"minecraft:flint_and_steel":1,"minecraft:tipped_arrow":1,"minecraft:bundle":1,"minecraft:iron_chestplate":1,"minecraft:spider_eye":1,"minecraft:slime_ball":50,"minecraft:arrow":2,"minecraft:splash_potion":2},"minecraft:custom":{"minecraft:mob_kills":105,"minecraft:interact_with_crafting_table":56,"minecraft:open_barrel":8,"minecraft:leave_game":13,"minecraft:time_since_death":19858,"minecraft:climb_one_cm":6472,"minecraft:sprint_one_cm":627169,"minecraft:walk_one_cm":834587,"minecraft:damage_blocked_by_shield":3064,"minecraft:drop":67,"minecraft:play_time":268780,"minecraft:deaths":4,"minecraft:sneak_time":43810,"minecraft:walk_under_water_one_cm":30660,"minecraft:jump":3780,"minecraft:walk_on_water_one_cm":39892,"minecraft:total_world_time":268780,"minecraft:interact_with_furnace":182,"minecraft:sleep_in_bed":8,"minecraft:time_since_rest":19909,"minecraft:damage_taken":4961,"minecraft:damage_absorbed":40,"minecraft:damage_dealt":13587,"minecraft:player_kills":1,"minecraft:swim_one_cm":105477,"minecraft:fly_one_cm":529530,"minecraft:open_chest":66,"minecraft:crouch_one_cm":141455,"minecraft:fall_one_cm":102778,"minecraft:inspect_dispenser":11},"minecraft:crafted":{"minecraft:cherry_planks":796,"minecraft:oak_planks":40,"minecraft:stone_shovel":1,"minecraft:spyglass":1,"minecraft:cherry_slab":414,"minecraft:cooked_chicken":8,"minecraft:furnace":5,"minecraft:yellow_bed":1,"minecraft:diamond_shovel":1,"minecraft:cooked_mutton":45,"minecraft:flint_and_steel":1,"minecraft:mace":1,"minecraft:diamond_helmet":1,"minecraft:iron_boots":1,"minecraft:polished_deepslate":104,"minecraft:iron_axe":2,"minecraft:cherry_stairs":8,"minecraft:stone_pickaxe":1,"minecraft:chest":6,"minecraft:cooked_beef":22,"minecraft:oak_slab":12,"minecraft:cooked_porkchop":24,"minecraft:crafting_table":3,"minecraft:wooden_pickaxe":1,"minecraft:iron_helmet":1,"minecraft:copper_ingot":8,"minecraft:bucket":1,"minecraft:stone_axe":2,"minecraft:air":0,"minecraft:iron_chestplate":4,"minecraft:diamond_pickaxe":1,"minecraft:yellow_dye":1,"minecraft:shield":1,"minecraft:stick":24,"minecraft:iron_ingot":103,"minecraft:iron_pickaxe":1,"minecraft:stone_sword":1,"minecraft:gold_ingot":12,"minecraft:iron_shovel":1,"minecraft:cherry_door":3,"minecraft:iron_leggings":2,"minecraft:white_bed":1,"minecraft:torch":28,"minecraft:deepslate_bricks":104},"minecraft:picked_up":{"minecraft:crafting_table":10,"minecraft:iron_chestplate":6,"minecraft:splash_potion":11,"minecraft:chicken":9,"minecraft:ladder":1,"minecraft:potion":8,"minecraft:enchanted_book":4,"minecraft:shield":2,"minecraft:wind_charge":55,"minecraft:string":5,"minecraft:red_bed":4,"minecraft:raw_copper":17,"minecraft:iron_axe":6,"minecraft:flint_and_steel":2,"minecraft:iron_leggings":4,"minecraft:cobbled_deepslate":361,"minecraft:bucket":7,"minecraft:beef":18,"minecraft:iron_pickaxe":3,"minecraft:light_gray_wool":1,"minecraft:enchanted_golden_apple":2,"minecraft:chest":2,"minecraft:furnace":10,"minecraft:diamond_hoe":4,"minecraft:iron_boots":3,"minecraft:tipped_arrow":21,"minecraft:golden_helmet":3,"minecraft:stick":54,"minecraft:raw_iron":309,"minecraft:copper_ingot":4,"minecraft:torch":33,"minecraft:porkchop":19,"minecraft:cherry_log":385,"minecraft:diorite":20,"minecraft:carrot":1,"minecraft:redstone":184,"minecraft:music_disc_creator_music_box":1,"minecraft:arrow":56,"minecraft:rotten_flesh":79,"minecraft:deepslate_bricks":2,"minecraft:iron_block":1,"minecraft:saddle":2,"minecraft:gold_ingot":44,"minecraft:tuff_bricks":13,"minecraft:obsidian":11,"minecraft:mutton":42,"minecraft:white_wool":23,"minecraft:cobblestone":561,"minecraft:pink_petals":56,"minecraft:feather":13,"minecraft:cooked_beef":4,"minecraft:cherry_planks":499,"minecraft:glow_ink_sac":10,"minecraft:water_bucket":3,"minecraft:andesite":16,"minecraft:brown_wool":1,"minecraft:leather":11,"minecraft:flint":1,"minecraft:magenta_bed":1,"minecraft:tuff":19,"minecraft:oak_log":11,"minecraft:waxed_copper_block":2,"minecraft:yellow_bed":5,"minecraft:cherry_door":2,"minecraft:lapis_lazuli":500,"minecraft:dirt":168,"minecraft:cooked_mutton":91,"minecraft:bone":58,"minecraft:bow":1,"minecraft:wheat_seeds":14,"minecraft:raw_gold":15,"minecraft:iron_ingot":80,"minecraft:cooked_chicken":3,"minecraft:diamond_helmet":3,"minecraft:glass_bottle":1,"minecraft:stone_hoe":1,"minecraft:honeycomb":5,"minecraft:smooth_basalt":1,"minecraft:birch_boat":1,"minecraft:heavy_core":1,"minecraft:spyglass":2,"minecraft:dandelion":1,"minecraft:gravel":3,"minecraft:sand":643,"minecraft:amethyst_shard":269,"minecraft:spider_eye":1,"minecraft:bundle":1,"minecraft:diamond_shovel":4,"minecraft:dispenser":1,"minecraft:slime_ball":50,"minecraft:diamond":42,"minecraft:breeze_rod":28,"minecraft:crossbow":5,"minecraft:diamond_axe":1,"minecraft:iron_helmet":3,"minecraft:granite":4,"minecraft:cherry_sapling":165,"minecraft:golden_apple":16,"minecraft:gray_wool":1,"minecraft:emerald":107,"minecraft:ominous_trial_key":3,"minecraft:baked_potato":15,"minecraft:oak_sapling":3,"minecraft:cherry_slab":182,"minecraft:black_wool":3,"minecraft:coal":500,"minecraft:chiseled_tuff_bricks":4,"minecraft:diamond_pickaxe":4},"minecraft:broken":{"minecraft:iron_shovel":1,"minecraft:stone_sword":1,"minecraft:stone_pickaxe":1,"minecraft:shield":1,"minecraft:iron_axe":1,"minecraft:stone_axe":2,"minecraft:iron_pickaxe":1,"minecraft:stone_shovel":1},"minecraft:killed":{"minecraft:witch":2,"minecraft:spider":5,"minecraft:slime":9,"minecraft:skeleton":5,"minecraft:chicken":9,"minecraft:drowned":1,"minecraft:husk":1,"minecraft:pig":10,"minecraft:zombie_villager":1,"minecraft:creeper":1,"minecraft:sheep":28,"minecraft:zombie":20,"minecraft:stray":1,"minecraft:enderman":1,"minecraft:cow":8},"minecraft:used":{"minecraft:tuff_bricks":8,"minecraft:stone_sword":140,"minecraft:iron_shovel":251,"minecraft:flint_and_steel":1,"minecraft:stone_shovel":132,"minecraft:dispenser":1,"minecraft:ladder":1,"minecraft:chest":8,"minecraft:shield":51,"minecraft:cooked_chicken":11,"minecraft:iron_chestplate":1,"minecraft:torch":29,"minecraft:spyglass":2,"minecraft:dirt":3,"minecraft:tuff":3,"minecraft:cherry_slab":596,"minecraft:iron_axe":521,"minecraft:iron_helmet":1,"minecraft:iron_boots":1,"minecraft:smooth_basalt":1,"minecraft:furnace":15,"minecraft:cooked_beef":5,"minecraft:cobbled_deepslate":8,"minecraft:cherry_log":155,"minecraft:iron_leggings":1,"minecraft:cooked_mutton":18,"minecraft:water_bucket":29,"minecraft:diorite":1,"minecraft:stone_pickaxe":130,"minecraft:wooden_pickaxe":17,"minecraft:cherry_planks":402,"minecraft:deepslate_bricks":106,"minecraft:waxed_copper_block":2,"minecraft:golden_apple":1,"minecraft:oak_slab":12,"minecraft:crafting_table":12,"minecraft:crossbow":2,"minecraft:black_wool":1,"minecraft:diamond_pickaxe":534,"minecraft:ominous_trial_key":2,"minecraft:diamond_shovel":7,"minecraft:cherry_door":5,"minecraft:bread":1,"minecraft:brown_wool":1,"minecraft:iron_pickaxe":261,"minecraft:gravel":3,"minecraft:stone_axe":220,"minecraft:chiseled_tuff_bricks":1,"minecraft:pink_petals":50,"minecraft:potion":1,"minecraft:cobblestone":68,"minecraft:cherry_stairs":8,"minecraft:cooked_porkchop":24,"minecraft:bucket":31,"minecraft:yellow_bed":6}},"DataVersion":3953}