{"stats":{"minecraft:dropped":{"minecraft:wheat_seeds":5,"minecraft:clay_ball":5,"minecraft:white_bed":2,"minecraft:deepslate_tile_stairs":1,"minecraft:poppy":6,"minecraft:gunpowder":2,"minecraft:wooden_axe":1,"minecraft:wooden_pickaxe":2,"minecraft:pink_petals":2,"minecraft:dandelion":17},"minecraft:crafted":{"minecraft:cherry_planks":36,"minecraft:oak_planks":16,"minecraft:stone_shovel":2,"minecraft:crafting_table":1,"minecraft:baked_potato":48,"minecraft:wooden_pickaxe":1,"minecraft:iron_helmet":1,"minecraft:bucket":2,"minecraft:stone_axe":1,"minecraft:air":0,"minecraft:glass":14,"minecraft:iron_chestplate":1,"minecraft:iron_boots":1,"minecraft:cherry_sign":6,"minecraft:shield":1,"minecraft:iron_axe":1,"minecraft:stick":32,"minecraft:iron_pickaxe":1,"minecraft:stone_pickaxe":1,"minecraft:wooden_axe":1,"minecraft:iron_leggings":1},"minecraft:mined":{"minecraft:cherry_planks":12,"minecraft:smoker":2,"minecraft:cherry_log":9,"minecraft:dandelion":17,"minecraft:clay":1,"minecraft:cornflower":3,"minecraft:crafting_table":4,"minecraft:cherry_trapdoor":1,"minecraft:short_grass":22,"minecraft:blast_furnace":1,"minecraft:grass_block":1,"minecraft:poppy":6,"minecraft:glass":2,"minecraft:tall_grass":2,"minecraft:oxeye_daisy":2,"minecraft:cherry_wall_sign":1,"minecraft:pink_petals":585,"minecraft:furnace":2,"minecraft:moss_carpet":2,"minecraft:azure_bluet":2,"minecraft:oak_log":4,"minecraft:dirt_path":195,"minecraft:cherry_leaves":21,"minecraft:sand":14,"minecraft:gravel":1,"minecraft:dirt":12,"minecraft:stone":21},"minecraft:custom":{"minecraft:interact_with_furnace":16,"minecraft:mob_kills":6,"minecraft:interact_with_crafting_table":13,"minecraft:bell_ring":70,"minecraft:time_since_death":37571,"minecraft:sleep_in_bed":3,"minecraft:climb_one_cm":3853,"minecraft:time_since_rest":19745,"minecraft:sprint_one_cm":129561,"minecraft:damage_taken":1164,"minecraft:walk_one_cm":396758,"minecraft:damage_blocked_by_shield":195,"minecraft:drop":26,"minecraft:damage_dealt":1130,"minecraft:swim_one_cm":3098,"minecraft:fly_one_cm":110934,"minecraft:open_chest":54,"minecraft:crouch_one_cm":1648,"minecraft:play_time":77944,"minecraft:deaths":1,"minecraft:sneak_time":742,"minecraft:walk_under_water_one_cm":6697,"minecraft:jump":855,"minecraft:interact_with_blast_furnace":5,"minecraft:walk_on_water_one_cm":3052,"minecraft:interact_with_smoker":3,"minecraft:total_world_time":77944,"minecraft:fall_one_cm":20643,"minecraft:horse_one_cm":1395},"minecraft:picked_up":{"minecraft:pink_petals":1530,"minecraft:crafting_table":5,"minecraft:azure_bluet":4,"minecraft:cherry_planks":44,"minecraft:clay_ball":5,"minecraft:wooden_pickaxe":1,"minecraft:smoker":2,"minecraft:potato":13,"minecraft:oak_log":4,"minecraft:gunpowder":2,"minecraft:dirt":227,"minecraft:cornflower":6,"minecraft:string":7,"minecraft:moss_carpet":2,"minecraft:iron_axe":1,"minecraft:iron_leggings":1,"minecraft:bone":1,"minecraft:wheat_seeds":8,"minecraft:bucket":2,"minecraft:stone_pickaxe":1,"minecraft:cherry_sign":1,"minecraft:poppy":12,"minecraft:iron_pickaxe":1,"minecraft:cherry_trapdoor":1,"minecraft:furnace":2,"minecraft:iron_boots":1,"minecraft:stick":18,"minecraft:dandelion":17,"minecraft:sand":14,"minecraft:cherry_log":9,"minecraft:blast_furnace":1,"minecraft:white_bed":2,"minecraft:carrot":63,"minecraft:deepslate_tile_stairs":2,"minecraft:arrow":3,"minecraft:stone_shovel":1,"minecraft:iron_helmet":1,"minecraft:cherry_sapling":2,"minecraft:oxeye_daisy":4,"minecraft:cobblestone":34},"minecraft:killed_by":{"minecraft:creeper":1},"minecraft:killed":{"minecraft:spider":2,"minecraft:creeper":1,"minecraft:skeleton":2,"minecraft:zombie":1},"minecraft:used":{"minecraft:cherry_sapling":2,"minecraft:moss_carpet":2,"minecraft:stone_shovel":212,"minecraft:stone_pickaxe":17,"minecraft:baked_potato":8,"minecraft:shield":3,"minecraft:wooden_pickaxe":4,"minecraft:cherry_planks":8,"minecraft:dirt":200,"minecraft:crafting_table":4,"minecraft:blast_furnace":1,"minecraft:carrot":9,"minecraft:smoker":1,"minecraft:glass":14,"minecraft:wooden_axe":18,"minecraft:iron_axe":27,"minecraft:iron_pickaxe":5,"minecraft:iron_helmet":1,"minecraft:cherry_sign":5,"minecraft:stone_axe":1,"minecraft:pink_petals":1365,"minecraft:furnace":2,"minecraft:potato":3},"minecraft:broken":{"minecraft:stone_shovel":1}},"DataVersion":3953}