{"stats":{"minecraft:dropped":{"minecraft:lapis_lazuli":65,"minecraft:cooked_beef":8,"minecraft:baked_potato":5,"minecraft:ender_pearl":1,"minecraft:glass_bottle":4,"minecraft:diamond":2,"minecraft:crafting_table":1,"minecraft:cooked_porkchop":5,"minecraft:decorated_pot":45,"minecraft:crossbow":6,"minecraft:leather":19,"minecraft:honeycomb":24,"minecraft:music_disc_creator_music_box":2,"minecraft:emerald":49,"minecraft:dirt":2,"minecraft:cornflower":1,"minecraft:scrape_pottery_sherd":4,"minecraft:amethyst_shard":150,"minecraft:sand":253,"minecraft:bolt_armor_trim_smithing_template":1,"minecraft:iron_pickaxe":3,"minecraft:white_wool":4,"minecraft:bone":272,"minecraft:stone_axe":1,"minecraft:sugar_cane":11,"minecraft:spyglass":2,"minecraft:cobbled_deepslate":64,"minecraft:pink_dye":2,"minecraft:obsidian":2,"minecraft:pointed_dripstone":15,"minecraft:cherry_sapling":33,"minecraft:rotten_flesh":59,"minecraft:oak_planks":13,"minecraft:enchanted_golden_apple":2,"minecraft:diamond_shovel":1,"minecraft:cooked_mutton":52,"minecraft:honey_bottle":2,"minecraft:white_bed":1,"minecraft:waxed_copper_block":1,"minecraft:carrot":10,"minecraft:rabbit_foot":1,"minecraft:wind_charge":22,"minecraft:music_disc_creator":1,"minecraft:poppy":2,"minecraft:rabbit_hide":12,"minecraft:leather_chestplate":1,"minecraft:tipped_arrow":20,"minecraft:arrow":72,"minecraft:splash_potion":10,"minecraft:lectern":1,"minecraft:water_bucket":1,"minecraft:iron_ingot":56,"minecraft:wheat_seeds":10,"minecraft:cherry_log":18,"minecraft:iron_helmet":2,"minecraft:cobblestone":222,"minecraft:ominous_trial_key":2,"minecraft:coal":64,"minecraft:golden_apple":5,"minecraft:stick":35,"minecraft:gray_wool":1,"minecraft:blue_dye":1,"minecraft:golden_carrot":4,"minecraft:torch":8,"minecraft:rabbit":15,"minecraft:brown_wool":2,"minecraft:cherry_planks":85,"minecraft:diamond_helmet":4,"minecraft:potion":19,"minecraft:iron_leggings":2,"minecraft:iron_axe":3,"minecraft:flow_banner_pattern":1,"minecraft:string":2,"minecraft:pink_petals":45,"minecraft:bucket":5,"minecraft:dandelion":33,"minecraft:tuff":2,"minecraft:diamond_hoe":3,"minecraft:stone_shovel":1,"minecraft:iron_boots":2,"minecraft:flint_and_steel":3,"minecraft:diamond_sword":2,"minecraft:hay_block":6,"minecraft:shield":1,"minecraft:flower_pot":1,"minecraft:trial_key":4,"minecraft:bundle":1,"minecraft:iron_chestplate":5,"minecraft:diamond_pickaxe":1,"minecraft:oak_boat":1,"minecraft:oak_sapling":1,"minecraft:slime_ball":141,"minecraft:birch_boat":2,"minecraft:bow":1,"minecraft:stone_pickaxe":1,"minecraft:wooden_pickaxe":1,"minecraft:black_wool":1,"minecraft:brick":8},"minecraft:used":{"minecraft:waxed_oxidized_copper_door":1,"minecraft:tuff_bricks":1,"minecraft:cherry_sapling":6,"minecraft:heavy_core":1,"minecraft:decorated_pot":8,"minecraft:chest":1,"minecraft:shield":66,"minecraft:iron_sword":256,"minecraft:rotten_flesh":67,"minecraft:iron_chestplate":1,"minecraft:mutton":12,"minecraft:lava_bucket":23,"minecraft:lantern":1,"minecraft:grass_block":6,"minecraft:iron_helmet":1,"minecraft:vault":2,"minecraft:bow":6,"minecraft:ominous_bottle":2,"minecraft:furnace":4,"minecraft:potato":1,"minecraft:stone_pickaxe":98,"minecraft:wooden_pickaxe":8,"minecraft:white_wool":2,"minecraft:golden_apple":1,"minecraft:sand":4,"minecraft:crossbow":147,"minecraft:bread":10,"minecraft:string":1,"minecraft:cherry_sign":2,"minecraft:gravel":2,"minecraft:golden_helmet":2,"minecraft:waxed_oxidized_cut_copper_stairs":1,"minecraft:flint_and_steel":196,"minecraft:cooked_chicken":6,"minecraft:trial_key":12,"minecraft:torch":33,"minecraft:dirt":22,"minecraft:diamond_helmet":2,"minecraft:iron_block":2,"minecraft:iron_axe":360,"minecraft:cherry_slab":415,"minecraft:iron_boots":2,"minecraft:barrel":3,"minecraft:smooth_basalt":4,"minecraft:diamond_chestplate":2,"minecraft:cooked_beef":36,"minecraft:cobbled_deepslate":15,"minecraft:cherry_log":129,"minecraft:iron_leggings":1,"minecraft:calcite":3,"minecraft:wheat_seeds":1,"minecraft:cooked_mutton":12,"minecraft:water_bucket":59,"minecraft:amethyst_block":2,"minecraft:birch_planks":6,"minecraft:bundle":3,"minecraft:baked_potato":20,"minecraft:birch_boat":8,"minecraft:cherry_planks":307,"minecraft:waxed_copper_block":1,"minecraft:crafting_table":6,"minecraft:red_bed":3,"minecraft:white_bed":10,"minecraft:flower_pot":1,"minecraft:diamond_pickaxe":1,"minecraft:oxeye_daisy":1,"minecraft:ominous_trial_key":7,"minecraft:wind_charge":1,"minecraft:iron_pickaxe":207,"minecraft:stone_axe":63,"minecraft:pink_petals":94,"minecraft:cherry_stairs":2,"minecraft:cobblestone":221,"minecraft:potion":4,"minecraft:bucket":81,"minecraft:yellow_bed":1,"minecraft:jukebox":2},"minecraft:killed_by":{"minecraft:husk":8,"minecraft:player":2,"minecraft:stray":7},"minecraft:mined":{"minecraft:large_amethyst_bud":2,"minecraft:white_bed":10,"minecraft:cherry_log":22,"minecraft:sculk_vein":4,"minecraft:grass_block":10,"minecraft:tuff_bricks":2,"minecraft:iron_ore":71,"minecraft:cobbled_deepslate":2,"minecraft:polished_tuff":1,"minecraft:pointed_dripstone":10,"minecraft:deepslate_redstone_ore":4,"minecraft:red_bed":2,"minecraft:amethyst_cluster":4,"minecraft:calcite":11,"minecraft:poppy":2,"minecraft:cobblestone":18,"minecraft:sugar_cane":6,"minecraft:wall_torch":2,"minecraft:amethyst_block":12,"minecraft:pink_petals":64,"minecraft:birch_log":12,"minecraft:wheat":1,"minecraft:waxed_oxidized_cut_copper_stairs":1,"minecraft:jukebox":1,"minecraft:waxed_copper_block":1,"minecraft:oak_log":14,"minecraft:sand":2,"minecraft:dirt":16,"minecraft:smooth_basalt":8,"minecraft:oak_leaves":9,"minecraft:deepslate":23,"minecraft:tuff":2,"minecraft:deepslate_diamond_ore":1,"minecraft:glow_lichen":1,"minecraft:decorated_pot":52,"minecraft:hay_block":6,"minecraft:furnace":3,"minecraft:carrots":4,"minecraft:andesite":2,"minecraft:peony":14,"minecraft:bookshelf":4,"minecraft:deepslate_iron_ore":17,"minecraft:stone":86,"minecraft:white_wool":6,"minecraft:cherry_planks":22,"minecraft:dandelion":31,"minecraft:crafting_table":4,"minecraft:cornflower":1,"minecraft:short_grass":87,"minecraft:emerald_ore":1,"minecraft:lectern":1,"minecraft:tall_grass":14,"minecraft:deepslate_gold_ore":9,"minecraft:lapis_ore":9,"minecraft:birch_planks":6,"minecraft:birch_leaves":2,"minecraft:yellow_bed":1,"minecraft:coal_ore":10,"minecraft:cherry_leaves":4,"minecraft:gravel":19,"minecraft:gold_ore":2},"minecraft:killed":{"minecraft:spider":3,"minecraft:skeleton":6,"minecraft:chicken":1,"minecraft:silverfish":1,"minecraft:pig":10,"minecraft:salmon":4,"minecraft:creeper":6,"minecraft:sheep":18,"minecraft:zombie":11,"minecraft:donkey":1,"minecraft:stray":42,"minecraft:cow":14,"minecraft:slime":128,"minecraft:horse":8,"minecraft:drowned":1,"minecraft:husk":110,"minecraft:rabbit":24,"minecraft:bat":1,"minecraft:breeze":18,"minecraft:enderman":2},"minecraft:custom":{"minecraft:animals_bred":4,"minecraft:interact_with_crafting_table":31,"minecraft:open_barrel":62,"minecraft:leave_game":8,"minecraft:time_since_death":75347,"minecraft:damage_resisted":1752,"minecraft:sprint_one_cm":723515,"minecraft:damage_blocked_by_shield":3464,"minecraft:drop":235,"minecraft:talked_to_villager":2,"minecraft:play_time":366068,"minecraft:deaths":19,"minecraft:jump":6118,"minecraft:walk_on_water_one_cm":45027,"minecraft:interact_with_furnace":91,"minecraft:play_record":3,"minecraft:sleep_in_bed":13,"minecraft:damage_dealt":40129,"minecraft:crouch_one_cm":61246,"minecraft:inspect_dispenser":34,"minecraft:mob_kills":424,"minecraft:climb_one_cm":21665,"minecraft:walk_one_cm":942780,"minecraft:sneak_time":24746,"minecraft:walk_under_water_one_cm":23692,"minecraft:boat_one_cm":43615,"minecraft:total_world_time":366068,"minecraft:time_since_rest":53831,"minecraft:damage_absorbed":40,"minecraft:damage_taken":12284,"minecraft:swim_one_cm":10724,"minecraft:fly_one_cm":1612096,"minecraft:open_chest":58,"minecraft:fall_one_cm":181396},"minecraft:picked_up":{"minecraft:iron_chestplate":11,"minecraft:flower_pot":2,"minecraft:diamond_sword":2,"minecraft:potion":33,"minecraft:amethyst_block":12,"minecraft:string":3,"minecraft:iron_leggings":7,"minecraft:cobbled_deepslate":88,"minecraft:bucket":13,"minecraft:trial_key":21,"minecraft:waxed_oxidized_copper_door":1,"minecraft:calcite":11,"minecraft:iron_pickaxe":12,"minecraft:enchanted_golden_apple":2,"minecraft:iron_boots":8,"minecraft:furnace":3,"minecraft:tipped_arrow":127,"minecraft:stick":51,"minecraft:jukebox":1,"minecraft:torch":19,"minecraft:porkchop":35,"minecraft:cherry_log":156,"minecraft:pointed_dripstone":44,"minecraft:rabbit_foot":3,"minecraft:honey_bottle":13,"minecraft:rotten_flesh":268,"minecraft:iron_block":1,"minecraft:obsidian":4,"minecraft:cobblestone":811,"minecraft:birch_log":12,"minecraft:pink_petals":184,"minecraft:leather_chestplate":1,"minecraft:cooked_beef":50,"minecraft:cherry_planks":122,"minecraft:water_bucket":8,"minecraft:andesite":9,"minecraft:brown_wool":2,"minecraft:potato":1,"minecraft:flint":15,"minecraft:tuff":2,"minecraft:lapis_lazuli":194,"minecraft:dirt":56,"minecraft:bone":519,"minecraft:bow":8,"minecraft:wheat_seeds":11,"minecraft:raw_gold":22,"minecraft:bolt_armor_trim_smithing_template":4,"minecraft:rabbit":39,"minecraft:diamond_helmet":4,"minecraft:honeycomb":17,"minecraft:oak_planks":24,"minecraft:scrape_pottery_sherd":9,"minecraft:cooked_porkchop":5,"minecraft:sand":257,"minecraft:grass_block":2,"minecraft:dead_bush":1,"minecraft:bundle":12,"minecraft:diamond":12,"minecraft:breeze_rod":73,"minecraft:crossbow":12,"minecraft:golden_apple":7,"minecraft:emerald":186,"minecraft:bread":14,"minecraft:music_disc_precipice":2,"minecraft:oak_sapling":1,"minecraft:ominous_trial_key":5,"minecraft:diamond_pickaxe":1,"minecraft:crafting_table":4,"minecraft:splash_potion":10,"minecraft:ominous_bottle":3,"minecraft:chicken":1,"minecraft:music_disc_creator":4,"minecraft:brick":26,"minecraft:shield":8,"minecraft:wind_charge":87,"minecraft:cornflower":1,"minecraft:red_bed":3,"minecraft:iron_axe":12,"minecraft:flow_banner_pattern":2,"minecraft:flint_and_steel":3,"minecraft:beef":54,"minecraft:oak_boat":1,"minecraft:poppy":2,"minecraft:lectern":3,"minecraft:guster_pottery_sherd":2,"minecraft:sugar_cane":33,"minecraft:birch_sapling":2,"minecraft:diamond_hoe":3,"minecraft:raw_iron":128,"minecraft:copper_ingot":4,"minecraft:redstone":36,"minecraft:carrot":32,"minecraft:music_disc_creator_music_box":7,"minecraft:stone_shovel":1,"minecraft:arrow":240,"minecraft:diamond_chestplate":5,"minecraft:decorated_pot":84,"minecraft:peony":28,"minecraft:hay_block":18,"minecraft:waxed_oxidized_cut_copper_stairs":1,"minecraft:tuff_bricks":2,"minecraft:mutton":31,"minecraft:white_wool":30,"minecraft:oxeye_daisy":1,"minecraft:golden_carrot":10,"minecraft:salmon":4,"minecraft:leather":57,"minecraft:birch_planks":49,"minecraft:oak_log":14,"minecraft:waxed_copper_block":2,"minecraft:yellow_bed":1,"minecraft:gunpowder":5,"minecraft:cooked_mutton":53,"minecraft:rabbit_hide":13,"minecraft:iron_ingot":24,"minecraft:cooked_chicken":8,"minecraft:iron_sword":6,"minecraft:book":24,"minecraft:smooth_basalt":8,"minecraft:emerald_block":1,"minecraft:birch_boat":15,"minecraft:heavy_core":2,"minecraft:dandelion":99,"minecraft:spyglass":2,"minecraft:gravel":16,"minecraft:lava_bucket":5,"minecraft:amethyst_shard":380,"minecraft:white_bed":12,"minecraft:polished_tuff":1,"minecraft:diamond_shovel":1,"minecraft:slime_ball":205,"minecraft:iron_helmet":6,"minecraft:cherry_sapling":40,"minecraft:gray_wool":1,"minecraft:baked_potato":39,"minecraft:black_wool":1,"minecraft:coal":104,"minecraft:ender_pearl":1},"minecraft:crafted":{"minecraft:oak_planks":56,"minecraft:barrel":3,"minecraft:birch_boat":1,"minecraft:cooked_chicken":1,"minecraft:birch_slab":6,"minecraft:cooked_mutton":11,"minecraft:iron_boots":1,"minecraft:chest":1,"minecraft:emerald":9,"minecraft:crafting_table":3,"minecraft:wooden_pickaxe":1,"minecraft:iron_helmet":1,"minecraft:birch_planks":48,"minecraft:iron_chestplate":1,"minecraft:charcoal":3,"minecraft:shield":2,"minecraft:stick":16,"minecraft:iron_ingot":77,"minecraft:iron_pickaxe":2,"minecraft:gold_ingot":11,"minecraft:cherry_planks":4,"minecraft:jukebox":1,"minecraft:furnace":2,"minecraft:pink_dye":2,"minecraft:iron_axe":1,"minecraft:stone_pickaxe":1,"minecraft:cooked_beef":32,"minecraft:iron_sword":1,"minecraft:bucket":2,"minecraft:stone_axe":1,"minecraft:air":0,"minecraft:blue_dye":1,"minecraft:iron_leggings":1,"minecraft:white_bed":2},"minecraft:broken":{"minecraft:iron_boots":1,"minecraft:iron_leggings":1,"minecraft:iron_sword":1,"minecraft:iron_helmet":1}},"DataVersion":3953}