{"stats":{"minecraft:dropped":{"minecraft:porkchop":1,"minecraft:diamond_axe":1,"minecraft:lapis_lazuli":65,"minecraft:cooked_beef":8,"minecraft:baked_potato":5,"minecraft:diamond":7,"minecraft:ender_pearl":1,"minecraft:glass_bottle":4,"minecraft:crafting_table":1,"minecraft:decorated_pot":45,"minecraft:cooked_porkchop":5,"minecraft:crossbow":6,"minecraft:leather":19,"minecraft:honeycomb":24,"minecraft:music_disc_creator_music_box":2,"minecraft:emerald":49,"minecraft:dirt":2,"minecraft:cornflower":1,"minecraft:scrape_pottery_sherd":4,"minecraft:amethyst_shard":150,"minecraft:sand":253,"minecraft:bolt_armor_trim_smithing_template":1,"minecraft:iron_pickaxe":3,"minecraft:white_wool":4,"minecraft:bone":287,"minecraft:stone_axe":1,"minecraft:sugar_cane":63,"minecraft:spyglass":2,"minecraft:cobbled_deepslate":64,"minecraft:pink_dye":2,"minecraft:pointed_dripstone":15,"minecraft:obsidian":2,"minecraft:cherry_sapling":33,"minecraft:rotten_flesh":65,"minecraft:oak_planks":13,"minecraft:enchanted_golden_apple":2,"minecraft:diamond_shovel":1,"minecraft:cooked_mutton":52,"minecraft:honey_bottle":2,"minecraft:white_bed":1,"minecraft:waxed_copper_block":1,"minecraft:carrot":10,"minecraft:rabbit_foot":1,"minecraft:music_disc_creator":1,"minecraft:wind_charge":35,"minecraft:poppy":4,"minecraft:rabbit_hide":12,"minecraft:leather_chestplate":1,"minecraft:tipped_arrow":20,"minecraft:arrow":73,"minecraft:splash_potion":13,"minecraft:lectern":1,"minecraft:water_bucket":2,"minecraft:golden_boots":1,"minecraft:iron_ingot":73,"minecraft:wheat_seeds":17,"minecraft:cherry_log":18,"minecraft:diamond_leggings":1,"minecraft:cobblestone":225,"minecraft:iron_helmet":2,"minecraft:ominous_trial_key":2,"minecraft:chainmail_helmet":4,"minecraft:coal":69,"minecraft:golden_apple":5,"minecraft:stick":37,"minecraft:gray_wool":2,"minecraft:blue_dye":1,"minecraft:golden_carrot":4,"minecraft:torch":8,"minecraft:melon_slice":4,"minecraft:rabbit":15,"minecraft:brown_wool":2,"minecraft:cherry_planks":85,"minecraft:diamond_helmet":4,"minecraft:potion":19,"minecraft:iron_leggings":2,"minecraft:iron_axe":3,"minecraft:flow_banner_pattern":1,"minecraft:chainmail_leggings":1,"minecraft:string":2,"minecraft:pink_petals":45,"minecraft:bucket":5,"minecraft:dandelion":34,"minecraft:stone_sword":7,"minecraft:tuff":8,"minecraft:diamond_hoe":4,"minecraft:stone_shovel":1,"minecraft:raw_iron":64,"minecraft:iron_boots":3,"minecraft:flint_and_steel":3,"minecraft:diamond_sword":2,"minecraft:hay_block":6,"minecraft:shield":1,"minecraft:flower_pot":1,"minecraft:trial_key":4,"minecraft:diamond_chestplate":1,"minecraft:bundle":1,"minecraft:diamond_pickaxe":1,"minecraft:iron_chestplate":5,"minecraft:oak_boat":2,"minecraft:oak_sapling":2,"minecraft:slime_ball":141,"minecraft:birch_boat":2,"minecraft:bow":3,"minecraft:stone_pickaxe":1,"minecraft:wooden_pickaxe":1,"minecraft:magma_block":3,"minecraft:black_wool":1,"minecraft:brick":8},"minecraft:crafted":{"minecraft:ender_chest":1,"minecraft:oak_planks":76,"minecraft:barrel":3,"minecraft:blaze_powder":2,"minecraft:birch_boat":1,"minecraft:cooked_chicken":1,"minecraft:birch_slab":36,"minecraft:bookshelf":4,"minecraft:cooked_mutton":11,"minecraft:mace":1,"minecraft:glass":64,"minecraft:iron_boots":2,"minecraft:mangrove_stairs":36,"minecraft:chest":1,"minecraft:ender_eye":1,"minecraft:cooked_rabbit":16,"minecraft:glass_bottle":9,"minecraft:arrow":160,"minecraft:emerald":9,"minecraft:diamond_axe":1,"minecraft:crafting_table":4,"minecraft:wooden_pickaxe":1,"minecraft:iron_helmet":2,"minecraft:brewing_stand":1,"minecraft:birch_planks":80,"minecraft:charcoal":3,"minecraft:iron_chestplate":1,"minecraft:book":1,"minecraft:paper":3,"minecraft:diamond_pickaxe":1,"minecraft:shield":3,"minecraft:stick":24,"minecraft:iron_ingot":190,"minecraft:iron_pickaxe":2,"minecraft:gold_ingot":29,"minecraft:cherry_planks":4,"minecraft:raw_iron":18,"minecraft:jukebox":1,"minecraft:wind_charge":64,"minecraft:furnace":2,"minecraft:bone_meal":3,"minecraft:pink_dye":2,"minecraft:iron_axe":1,"minecraft:stone_pickaxe":1,"minecraft:cooked_beef":33,"minecraft:enchanting_table":1,"minecraft:iron_sword":1,"minecraft:mangrove_planks":76,"minecraft:bucket":2,"minecraft:stone_axe":1,"minecraft:air":0,"minecraft:blue_dye":1,"minecraft:iron_leggings":2,"minecraft:white_bed":2,"minecraft:torch":20,"minecraft:mangrove_slab":6},"minecraft:mined":{"minecraft:large_amethyst_bud":2,"minecraft:white_bed":11,"minecraft:sculk_vein":4,"minecraft:cherry_log":22,"minecraft:brewing_stand":1,"minecraft:obsidian":15,"minecraft:grass_block":17,"minecraft:tuff_bricks":2,"minecraft:raw_iron_block":2,"minecraft:magma_block":9,"minecraft:fire":39,"minecraft:iron_ore":81,"minecraft:barrel":2,"minecraft:cobbled_deepslate":2,"minecraft:polished_tuff":1,"minecraft:enchanting_table":1,"minecraft:pointed_dripstone":11,"minecraft:iron_block":1,"minecraft:orange_bed":1,"minecraft:deepslate_redstone_ore":11,"minecraft:red_bed":2,"minecraft:amethyst_cluster":4,"minecraft:torch":3,"minecraft:calcite":11,"minecraft:poppy":2,"minecraft:melon":5,"minecraft:cobblestone":23,"minecraft:sugar_cane":34,"minecraft:oak_planks":4,"minecraft:wall_torch":3,"minecraft:amethyst_block":12,"minecraft:pink_petals":70,"minecraft:wheat":43,"minecraft:birch_log":46,"minecraft:waxed_oxidized_cut_copper_stairs":1,"minecraft:jukebox":7,"minecraft:waxed_copper_block":1,"minecraft:oak_log":19,"minecraft:sand":2,"minecraft:dirt":19,"minecraft:mangrove_log":51,"minecraft:smooth_basalt":8,"minecraft:netherrack":30,"minecraft:oak_leaves":12,"minecraft:deepslate":87,"minecraft:nether_gold_ore":42,"minecraft:tuff":8,"minecraft:deepslate_diamond_ore":56,"minecraft:mangrove_roots":14,"minecraft:glow_lichen":1,"minecraft:nether_bricks":146,"minecraft:decorated_pot":52,"minecraft:hay_block":6,"minecraft:furnace":6,"minecraft:carrots":19,"minecraft:andesite":2,"minecraft:peony":14,"minecraft:bookshelf":4,"minecraft:deepslate_iron_ore":109,"minecraft:vine":22,"minecraft:stone":101,"minecraft:white_wool":6,"minecraft:cherry_planks":22,"minecraft:basalt":123,"minecraft:dandelion":32,"minecraft:crafting_table":5,"minecraft:cornflower":1,"minecraft:short_grass":123,"minecraft:emerald_ore":1,"minecraft:lectern":1,"minecraft:tall_grass":21,"minecraft:deepslate_gold_ore":9,"minecraft:lapis_ore":9,"minecraft:lily_pad":5,"minecraft:birch_planks":6,"minecraft:birch_leaves":3,"minecraft:mangrove_planks":1,"minecraft:mangrove_leaves":132,"minecraft:yellow_bed":1,"minecraft:coal_ore":58,"minecraft:cherry_leaves":6,"minecraft:gravel":19,"minecraft:gold_ore":2},"minecraft:custom":{"minecraft:animals_bred":6,"minecraft:interact_with_crafting_table":58,"minecraft:open_barrel":224,"minecraft:leave_game":12,"minecraft:time_since_death":146163,"minecraft:damage_resisted":1752,"minecraft:sprint_one_cm":1435299,"minecraft:damage_blocked_by_shield":5969,"minecraft:drop":316,"minecraft:talked_to_villager":36,"minecraft:play_time":756049,"minecraft:deaths":20,"minecraft:jump":14338,"minecraft:interact_with_brewingstand":4,"minecraft:walk_on_water_one_cm":103684,"minecraft:enchant_item":4,"minecraft:interact_with_furnace":146,"minecraft:play_record":17,"minecraft:traded_with_villager":10,"minecraft:sleep_in_bed":18,"minecraft:open_enderchest":24,"minecraft:damage_dealt":80491,"minecraft:crouch_one_cm":143789,"minecraft:inspect_dispenser":34,"minecraft:horse_one_cm":23,"minecraft:mob_kills":702,"minecraft:climb_one_cm":28592,"minecraft:walk_one_cm":1866970,"minecraft:sneak_time":53728,"minecraft:walk_under_water_one_cm":100366,"minecraft:boat_one_cm":122983,"minecraft:interact_with_blast_furnace":1,"minecraft:total_world_time":756049,"minecraft:interact_with_grindstone":1,"minecraft:time_since_rest":23790,"minecraft:damage_taken":22257,"minecraft:damage_absorbed":40,"minecraft:swim_one_cm":23946,"minecraft:fly_one_cm":3415531,"minecraft:open_chest":159,"minecraft:fall_one_cm":424377},"minecraft:picked_up":{"minecraft:iron_chestplate":11,"minecraft:wheat":42,"minecraft:flower_pot":2,"minecraft:lead":2,"minecraft:diamond_sword":2,"minecraft:potion":36,"minecraft:brewing_stand":1,"minecraft:amethyst_block":12,"minecraft:music_disc_cat":1,"minecraft:string":47,"minecraft:iron_leggings":7,"minecraft:diamond_leggings":5,"minecraft:gold_nugget":162,"minecraft:cobbled_deepslate":188,"minecraft:bucket":17,"minecraft:trial_key":21,"minecraft:waxed_oxidized_copper_door":1,"minecraft:calcite":11,"minecraft:iron_pickaxe":12,"minecraft:enchanted_golden_apple":2,"minecraft:melon_slice":27,"minecraft:mangrove_log":51,"minecraft:iron_boots":10,"minecraft:furnace":6,"minecraft:tipped_arrow":127,"minecraft:stick":65,"minecraft:jukebox":8,"minecraft:torch":47,"minecraft:porkchop":69,"minecraft:cherry_log":156,"minecraft:pointed_dripstone":45,"minecraft:rabbit_foot":3,"minecraft:orange_bed":1,"minecraft:stone_sword":7,"minecraft:honey_bottle":13,"minecraft:rotten_flesh":384,"minecraft:music_disc_ward":4,"minecraft:iron_block":2,"minecraft:mangrove_roots":14,"minecraft:blaze_rod":89,"minecraft:obsidian":24,"minecraft:cobblestone":834,"minecraft:birch_log":46,"minecraft:enchanting_table":1,"minecraft:leather_chestplate":1,"minecraft:pink_petals":224,"minecraft:magma_block":8,"minecraft:cooked_beef":52,"minecraft:magma_cream":2,"minecraft:cherry_planks":126,"minecraft:water_bucket":9,"minecraft:andesite":9,"minecraft:brown_wool":2,"minecraft:potato":1,"minecraft:flint":15,"minecraft:tuff":14,"minecraft:lapis_lazuli":252,"minecraft:dirt":85,"minecraft:lantern":1,"minecraft:bone":615,"minecraft:bow":12,"minecraft:wheat_seeds":132,"minecraft:raw_gold":22,"minecraft:bolt_armor_trim_smithing_template":5,"minecraft:rabbit":51,"minecraft:diamond_helmet":4,"minecraft:scrape_pottery_sherd":9,"minecraft:honeycomb":17,"minecraft:oak_planks":43,"minecraft:cooked_porkchop":5,"minecraft:music_disc_13":3,"minecraft:sand":257,"minecraft:grass_block":3,"minecraft:dead_bush":1,"minecraft:barrel":2,"minecraft:bundle":15,"minecraft:diamond":121,"minecraft:breeze_rod":136,"minecraft:crossbow":13,"minecraft:golden_apple":8,"minecraft:emerald":255,"minecraft:chainmail_helmet":4,"minecraft:golden_horse_armor":1,"minecraft:bread":39,"minecraft:music_disc_precipice":6,"minecraft:oak_sapling":3,"minecraft:cherry_slab":1,"minecraft:netherrack":49,"minecraft:ominous_trial_key":5,"minecraft:diamond_pickaxe":2,"minecraft:crafting_table":5,"minecraft:splash_potion":11,"minecraft:ominous_bottle":3,"minecraft:chicken":1,"minecraft:brown_mushroom":1,"minecraft:cooked_rabbit":16,"minecraft:music_disc_creator":8,"minecraft:brick":26,"minecraft:shield":9,"minecraft:wind_charge":113,"minecraft:moss_carpet":2,"minecraft:cornflower":1,"minecraft:red_bed":3,"minecraft:flow_banner_pattern":2,"minecraft:iron_axe":12,"minecraft:flint_and_steel":3,"minecraft:beef":54,"minecraft:oak_boat":7,"minecraft:poppy":4,"minecraft:lectern":3,"minecraft:guster_pottery_sherd":2,"minecraft:sugar_cane":85,"minecraft:birch_sapling":2,"minecraft:diamond_hoe":3,"minecraft:raw_iron":310,"minecraft:copper_ingot":4,"minecraft:mace":1,"minecraft:carrot":109,"minecraft:redstone":116,"minecraft:music_disc_creator_music_box":10,"minecraft:stone_shovel":1,"minecraft:diamond_chestplate":6,"minecraft:arrow":447,"minecraft:decorated_pot":84,"minecraft:peony":28,"minecraft:nether_bricks":160,"minecraft:diamond_boots":1,"minecraft:waxed_oxidized_cut_copper_stairs":1,"minecraft:hay_block":24,"minecraft:saddle":1,"minecraft:gold_ingot":29,"minecraft:tuff_bricks":2,"minecraft:mutton":32,"minecraft:white_wool":43,"minecraft:oxeye_daisy":1,"minecraft:basalt":123,"minecraft:golden_carrot":14,"minecraft:glow_ink_sac":4,"minecraft:salmon":4,"minecraft:leather":57,"minecraft:birch_planks":50,"minecraft:lily_pad":21,"minecraft:oak_log":19,"minecraft:waxed_copper_block":2,"minecraft:golden_boots":2,"minecraft:yellow_bed":1,"minecraft:gunpowder":29,"minecraft:cooked_mutton":53,"minecraft:rabbit_hide":14,"minecraft:iron_ingot":67,"minecraft:cooked_chicken":8,"minecraft:glass_bottle":6,"minecraft:mangrove_planks":1,"minecraft:iron_sword":6,"minecraft:music_disc_chirp":2,"minecraft:book":24,"minecraft:smooth_basalt":8,"minecraft:emerald_block":1,"minecraft:birch_boat":19,"minecraft:heavy_core":2,"minecraft:raw_iron_block":2,"minecraft:dandelion":99,"minecraft:spyglass":2,"minecraft:gravel":16,"minecraft:lava_bucket":6,"minecraft:amethyst_shard":460,"minecraft:white_bed":14,"minecraft:spider_eye":1,"minecraft:polished_tuff":1,"minecraft:diamond_shovel":1,"minecraft:slime_ball":205,"minecraft:chainmail_leggings":1,"minecraft:iron_helmet":7,"minecraft:diamond_axe":2,"minecraft:cherry_sapling":40,"minecraft:gray_wool":2,"minecraft:mangrove_propagule":4,"minecraft:baked_potato":39,"minecraft:black_wool":1,"minecraft:coal":213,"minecraft:ender_pearl":3},"minecraft:killed_by":{"minecraft:husk":8,"minecraft:player":2,"minecraft:stray":7,"minecraft:enderman":1},"minecraft:killed":{"minecraft:cave_spider":5,"minecraft:zombified_piglin":6,"minecraft:spider":6,"minecraft:skeleton":35,"minecraft:chicken":1,"minecraft:silverfish":1,"minecraft:magma_cube":51,"minecraft:piglin":1,"minecraft:pig":13,"minecraft:salmon":4,"minecraft:creeper":11,"minecraft:sheep":19,"minecraft:zombie":26,"minecraft:donkey":1,"minecraft:ghast":2,"minecraft:stray":42,"minecraft:glow_squid":2,"minecraft:blaze":73,"minecraft:cow":14,"minecraft:slime":128,"minecraft:horse":8,"minecraft:drowned":1,"minecraft:husk":110,"minecraft:rabbit":26,"minecraft:bat":2,"minecraft:wandering_trader":1,"minecraft:breeze":18,"minecraft:wither_skeleton":60,"minecraft:enderman":5},"minecraft:used":{"minecraft:waxed_oxidized_copper_door":1,"minecraft:tuff_bricks":1,"minecraft:cherry_sapling":6,"minecraft:moss_carpet":2,"minecraft:heavy_core":1,"minecraft:decorated_pot":8,"minecraft:chest":1,"minecraft:shield":115,"minecraft:iron_sword":256,"minecraft:rotten_flesh":120,"minecraft:iron_chestplate":1,"minecraft:mutton":13,"minecraft:nether_bricks":142,"minecraft:carrot":125,"minecraft:lava_bucket":30,"minecraft:mangrove_log":99,"minecraft:mangrove_stairs":81,"minecraft:grass_block":7,"minecraft:lantern":2,"minecraft:iron_helmet":4,"minecraft:stripped_mangrove_log":4,"minecraft:vault":2,"minecraft:bow":41,"minecraft:ominous_bottle":2,"minecraft:mangrove_roots":8,"minecraft:furnace":6,"minecraft:oak_sapling":1,"minecraft:mangrove_slab":26,"minecraft:potato":1,"minecraft:stone_pickaxe":98,"minecraft:mangrove_planks":12,"minecraft:oak_planks":23,"minecraft:wooden_pickaxe":8,"minecraft:chainmail_helmet":1,"minecraft:diamond_axe":506,"minecraft:white_wool":2,"minecraft:golden_apple":1,"minecraft:sand":4,"minecraft:crossbow":147,"minecraft:birch_slab":34,"minecraft:mace":19,"minecraft:bread":16,"minecraft:melon_slice":23,"minecraft:string":1,"minecraft:cherry_sign":2,"minecraft:gravel":2,"minecraft:golden_helmet":2,"minecraft:waxed_oxidized_cut_copper_stairs":1,"minecraft:bone_meal":3,"minecraft:oak_boat":4,"minecraft:air":1,"minecraft:enchanting_table":1,"minecraft:flint_and_steel":196,"minecraft:ender_chest":3,"minecraft:mangrove_fence":49,"minecraft:cooked_chicken":6,"minecraft:netherrack":49,"minecraft:trial_key":12,"minecraft:orange_bed":1,"minecraft:torch":96,"minecraft:brewing_stand":1,"minecraft:dirt":83,"minecraft:diamond_helmet":2,"minecraft:bookshelf":4,"minecraft:muddy_mangrove_roots":2,"minecraft:iron_block":2,"minecraft:iron_axe":422,"minecraft:cherry_slab":433,"minecraft:iron_boots":2,"minecraft:barrel":3,"minecraft:smooth_basalt":4,"minecraft:diamond_chestplate":2,"minecraft:basalt":123,"minecraft:cooked_beef":87,"minecraft:cobbled_deepslate":68,"minecraft:cherry_log":131,"minecraft:iron_leggings":1,"minecraft:pointed_dripstone":1,"minecraft:calcite":3,"minecraft:wheat_seeds":43,"minecraft:cooked_mutton":12,"minecraft:water_bucket":101,"minecraft:mangrove_wood":35,"minecraft:amethyst_block":2,"minecraft:birch_planks":7,"minecraft:bundle":3,"minecraft:glass_bottle":10,"minecraft:baked_potato":20,"minecraft:brown_mushroom":1,"minecraft:cherry_planks":307,"minecraft:birch_boat":13,"minecraft:waxed_copper_block":1,"minecraft:vine":8,"minecraft:crafting_table":8,"minecraft:red_bed":3,"minecraft:white_bed":11,"minecraft:flower_pot":1,"minecraft:diamond_pickaxe":544,"minecraft:oxeye_daisy":1,"minecraft:ominous_trial_key":7,"minecraft:wind_charge":85,"minecraft:iron_pickaxe":341,"minecraft:stone_axe":63,"minecraft:pink_petals":107,"minecraft:cherry_stairs":2,"minecraft:cobblestone":229,"minecraft:potion":14,"minecraft:bucket":126,"minecraft:yellow_bed":1,"minecraft:splash_potion":1,"minecraft:jukebox":7,"minecraft:diamond_leggings":1},"minecraft:broken":{"minecraft:golden_helmet":1,"minecraft:iron_boots":2,"minecraft:iron_leggings":2,"minecraft:iron_sword":1,"minecraft:iron_helmet":2}},"DataVersion":3953}