{"stats":{"minecraft:dropped":{"minecraft:lapis_lazuli":65,"minecraft:cooked_beef":8,"minecraft:baked_potato":5,"minecraft:glass_bottle":4,"minecraft:ender_pearl":1,"minecraft:diamond":2,"minecraft:crafting_table":1,"minecraft:cooked_porkchop":5,"minecraft:decorated_pot":45,"minecraft:crossbow":6,"minecraft:leather":19,"minecraft:honeycomb":24,"minecraft:music_disc_creator_music_box":2,"minecraft:emerald":49,"minecraft:dirt":2,"minecraft:cornflower":1,"minecraft:scrape_pottery_sherd":4,"minecraft:amethyst_shard":150,"minecraft:sand":253,"minecraft:bolt_armor_trim_smithing_template":1,"minecraft:iron_pickaxe":3,"minecraft:white_wool":4,"minecraft:bone":272,"minecraft:stone_axe":1,"minecraft:sugar_cane":11,"minecraft:spyglass":2,"minecraft:cobbled_deepslate":64,"minecraft:pink_dye":2,"minecraft:obsidian":2,"minecraft:cherry_sapling":33,"minecraft:pointed_dripstone":15,"minecraft:rotten_flesh":60,"minecraft:oak_planks":13,"minecraft:enchanted_golden_apple":2,"minecraft:diamond_shovel":1,"minecraft:cooked_mutton":52,"minecraft:honey_bottle":2,"minecraft:white_bed":1,"minecraft:waxed_copper_block":1,"minecraft:carrot":10,"minecraft:rabbit_foot":1,"minecraft:music_disc_creator":1,"minecraft:wind_charge":23,"minecraft:poppy":4,"minecraft:rabbit_hide":12,"minecraft:leather_chestplate":1,"minecraft:tipped_arrow":20,"minecraft:arrow":72,"minecraft:splash_potion":10,"minecraft:lectern":1,"minecraft:water_bucket":1,"minecraft:iron_ingot":59,"minecraft:wheat_seeds":10,"minecraft:cherry_log":18,"minecraft:cobblestone":222,"minecraft:iron_helmet":2,"minecraft:ominous_trial_key":2,"minecraft:coal":64,"minecraft:golden_apple":5,"minecraft:stick":35,"minecraft:gray_wool":1,"minecraft:blue_dye":1,"minecraft:golden_carrot":4,"minecraft:torch":8,"minecraft:rabbit":15,"minecraft:brown_wool":2,"minecraft:cherry_planks":85,"minecraft:diamond_helmet":4,"minecraft:potion":19,"minecraft:iron_leggings":2,"minecraft:iron_axe":3,"minecraft:flow_banner_pattern":1,"minecraft:string":2,"minecraft:pink_petals":45,"minecraft:bucket":5,"minecraft:dandelion":33,"minecraft:stone_sword":7,"minecraft:tuff":2,"minecraft:diamond_hoe":3,"minecraft:stone_shovel":1,"minecraft:iron_boots":2,"minecraft:flint_and_steel":3,"minecraft:diamond_sword":2,"minecraft:hay_block":6,"minecraft:shield":1,"minecraft:flower_pot":1,"minecraft:trial_key":4,"minecraft:diamond_chestplate":1,"minecraft:bundle":1,"minecraft:diamond_pickaxe":1,"minecraft:iron_chestplate":5,"minecraft:oak_boat":1,"minecraft:oak_sapling":2,"minecraft:slime_ball":141,"minecraft:birch_boat":2,"minecraft:bow":3,"minecraft:stone_pickaxe":1,"minecraft:wooden_pickaxe":1,"minecraft:black_wool":1,"minecraft:brick":8},"minecraft:crafted":{"minecraft:oak_planks":56,"minecraft:barrel":3,"minecraft:birch_boat":1,"minecraft:cooked_chicken":1,"minecraft:birch_slab":6,"minecraft:cooked_mutton":11,"minecraft:mace":1,"minecraft:iron_boots":2,"minecraft:chest":1,"minecraft:cooked_rabbit":16,"minecraft:emerald":9,"minecraft:diamond_axe":1,"minecraft:crafting_table":3,"minecraft:wooden_pickaxe":1,"minecraft:iron_helmet":2,"minecraft:birch_planks":48,"minecraft:charcoal":3,"minecraft:iron_chestplate":1,"minecraft:book":1,"minecraft:paper":3,"minecraft:diamond_pickaxe":1,"minecraft:shield":3,"minecraft:stick":16,"minecraft:iron_ingot":94,"minecraft:iron_pickaxe":2,"minecraft:gold_ingot":11,"minecraft:cherry_planks":4,"minecraft:jukebox":1,"minecraft:wind_charge":64,"minecraft:furnace":2,"minecraft:pink_dye":2,"minecraft:iron_axe":1,"minecraft:stone_pickaxe":1,"minecraft:cooked_beef":32,"minecraft:enchanting_table":1,"minecraft:iron_sword":1,"minecraft:bucket":2,"minecraft:stone_axe":1,"minecraft:air":0,"minecraft:blue_dye":1,"minecraft:iron_leggings":2,"minecraft:white_bed":2,"minecraft:torch":20},"minecraft:mined":{"minecraft:large_amethyst_bud":2,"minecraft:white_bed":11,"minecraft:cherry_log":22,"minecraft:sculk_vein":4,"minecraft:obsidian":15,"minecraft:grass_block":15,"minecraft:tuff_bricks":2,"minecraft:cobbled_deepslate":2,"minecraft:iron_ore":81,"minecraft:fire":33,"minecraft:polished_tuff":1,"minecraft:pointed_dripstone":11,"minecraft:iron_block":1,"minecraft:orange_bed":1,"minecraft:deepslate_redstone_ore":11,"minecraft:red_bed":2,"minecraft:amethyst_cluster":4,"minecraft:torch":2,"minecraft:calcite":11,"minecraft:poppy":2,"minecraft:cobblestone":19,"minecraft:sugar_cane":6,"minecraft:oak_planks":4,"minecraft:wall_torch":3,"minecraft:amethyst_block":12,"minecraft:pink_petals":66,"minecraft:wheat":43,"minecraft:birch_log":12,"minecraft:waxed_oxidized_cut_copper_stairs":1,"minecraft:jukebox":5,"minecraft:waxed_copper_block":1,"minecraft:oak_log":14,"minecraft:sand":2,"minecraft:dirt":19,"minecraft:smooth_basalt":8,"minecraft:netherrack":18,"minecraft:oak_leaves":9,"minecraft:deepslate":66,"minecraft:nether_gold_ore":42,"minecraft:tuff":4,"minecraft:deepslate_diamond_ore":47,"minecraft:glow_lichen":1,"minecraft:nether_bricks":144,"minecraft:decorated_pot":52,"minecraft:hay_block":6,"minecraft:furnace":3,"minecraft:carrots":19,"minecraft:andesite":2,"minecraft:peony":14,"minecraft:bookshelf":4,"minecraft:deepslate_iron_ore":65,"minecraft:stone":88,"minecraft:white_wool":6,"minecraft:cherry_planks":22,"minecraft:basalt":122,"minecraft:dandelion":31,"minecraft:crafting_table":4,"minecraft:cornflower":1,"minecraft:short_grass":90,"minecraft:emerald_ore":1,"minecraft:lectern":1,"minecraft:tall_grass":17,"minecraft:lapis_ore":9,"minecraft:deepslate_gold_ore":9,"minecraft:birch_planks":6,"minecraft:birch_leaves":2,"minecraft:yellow_bed":1,"minecraft:coal_ore":15,"minecraft:cherry_leaves":6,"minecraft:gravel":19,"minecraft:gold_ore":2},"minecraft:custom":{"minecraft:animals_bred":4,"minecraft:interact_with_crafting_table":40,"minecraft:open_barrel":152,"minecraft:leave_game":12,"minecraft:time_since_death":279339,"minecraft:damage_resisted":1752,"minecraft:sprint_one_cm":1104984,"minecraft:damage_blocked_by_shield":4784,"minecraft:drop":250,"minecraft:talked_to_villager":4,"minecraft:play_time":570060,"minecraft:deaths":19,"minecraft:jump":10776,"minecraft:walk_on_water_one_cm":75855,"minecraft:enchant_item":3,"minecraft:interact_with_furnace":102,"minecraft:play_record":13,"minecraft:sleep_in_bed":15,"minecraft:damage_dealt":75346,"minecraft:crouch_one_cm":113776,"minecraft:inspect_dispenser":34,"minecraft:mob_kills":663,"minecraft:climb_one_cm":21665,"minecraft:walk_one_cm":1494631,"minecraft:sneak_time":42842,"minecraft:walk_under_water_one_cm":40031,"minecraft:boat_one_cm":49232,"minecraft:total_world_time":570060,"minecraft:time_since_rest":86099,"minecraft:damage_absorbed":40,"minecraft:damage_taken":19265,"minecraft:swim_one_cm":12559,"minecraft:fly_one_cm":2490817,"minecraft:open_chest":75,"minecraft:fall_one_cm":308711},"minecraft:picked_up":{"minecraft:iron_chestplate":11,"minecraft:wheat":42,"minecraft:flower_pot":2,"minecraft:diamond_sword":2,"minecraft:potion":33,"minecraft:amethyst_block":12,"minecraft:string":42,"minecraft:iron_leggings":7,"minecraft:gold_nugget":162,"minecraft:cobbled_deepslate":136,"minecraft:bucket":13,"minecraft:trial_key":21,"minecraft:waxed_oxidized_copper_door":1,"minecraft:calcite":11,"minecraft:iron_pickaxe":12,"minecraft:enchanted_golden_apple":2,"minecraft:iron_boots":8,"minecraft:furnace":3,"minecraft:tipped_arrow":127,"minecraft:stick":51,"minecraft:jukebox":5,"minecraft:torch":25,"minecraft:porkchop":43,"minecraft:cherry_log":156,"minecraft:pointed_dripstone":45,"minecraft:rabbit_foot":3,"minecraft:orange_bed":1,"minecraft:stone_sword":7,"minecraft:honey_bottle":13,"minecraft:rotten_flesh":280,"minecraft:music_disc_ward":2,"minecraft:iron_block":2,"minecraft:blaze_rod":42,"minecraft:obsidian":19,"minecraft:cobblestone":814,"minecraft:birch_log":12,"minecraft:pink_petals":218,"minecraft:leather_chestplate":1,"minecraft:cooked_beef":50,"minecraft:magma_cream":2,"minecraft:cherry_planks":122,"minecraft:water_bucket":8,"minecraft:andesite":9,"minecraft:brown_wool":2,"minecraft:potato":1,"minecraft:flint":15,"minecraft:tuff":4,"minecraft:lapis_lazuli":194,"minecraft:dirt":73,"minecraft:lantern":1,"minecraft:bone":587,"minecraft:bow":11,"minecraft:wheat_seeds":124,"minecraft:raw_gold":22,"minecraft:bolt_armor_trim_smithing_template":4,"minecraft:diamond_helmet":4,"minecraft:rabbit":41,"minecraft:scrape_pottery_sherd":9,"minecraft:oak_planks":29,"minecraft:honeycomb":17,"minecraft:cooked_porkchop":5,"minecraft:sand":257,"minecraft:dead_bush":1,"minecraft:grass_block":2,"minecraft:bundle":12,"minecraft:diamond":65,"minecraft:breeze_rod":73,"minecraft:crossbow":12,"minecraft:golden_apple":7,"minecraft:bread":14,"minecraft:emerald":186,"minecraft:music_disc_precipice":5,"minecraft:oak_sapling":3,"minecraft:cherry_slab":1,"minecraft:netherrack":32,"minecraft:ominous_trial_key":5,"minecraft:diamond_pickaxe":1,"minecraft:crafting_table":4,"minecraft:ominous_bottle":3,"minecraft:splash_potion":10,"minecraft:chicken":1,"minecraft:music_disc_creator":7,"minecraft:brick":26,"minecraft:shield":8,"minecraft:wind_charge":88,"minecraft:cornflower":1,"minecraft:red_bed":3,"minecraft:flow_banner_pattern":2,"minecraft:iron_axe":12,"minecraft:flint_and_steel":3,"minecraft:beef":54,"minecraft:oak_boat":1,"minecraft:poppy":4,"minecraft:lectern":3,"minecraft:guster_pottery_sherd":2,"minecraft:sugar_cane":33,"minecraft:birch_sapling":2,"minecraft:diamond_hoe":3,"minecraft:raw_iron":186,"minecraft:copper_ingot":4,"minecraft:carrot":93,"minecraft:redstone":67,"minecraft:music_disc_creator_music_box":9,"minecraft:arrow":255,"minecraft:diamond_chestplate":5,"minecraft:stone_shovel":1,"minecraft:decorated_pot":84,"minecraft:peony":28,"minecraft:nether_bricks":143,"minecraft:waxed_oxidized_cut_copper_stairs":1,"minecraft:hay_block":18,"minecraft:tuff_bricks":2,"minecraft:mutton":31,"minecraft:white_wool":30,"minecraft:oxeye_daisy":1,"minecraft:basalt":122,"minecraft:golden_carrot":10,"minecraft:glow_ink_sac":4,"minecraft:salmon":4,"minecraft:leather":57,"minecraft:birch_planks":49,"minecraft:oak_log":14,"minecraft:waxed_copper_block":2,"minecraft:golden_boots":1,"minecraft:yellow_bed":1,"minecraft:gunpowder":10,"minecraft:cooked_mutton":53,"minecraft:rabbit_hide":14,"minecraft:iron_ingot":27,"minecraft:cooked_chicken":8,"minecraft:iron_sword":6,"minecraft:music_disc_chirp":2,"minecraft:book":24,"minecraft:smooth_basalt":8,"minecraft:emerald_block":1,"minecraft:birch_boat":17,"minecraft:heavy_core":2,"minecraft:dandelion":99,"minecraft:spyglass":2,"minecraft:gravel":16,"minecraft:lava_bucket":5,"minecraft:amethyst_shard":380,"minecraft:white_bed":13,"minecraft:polished_tuff":1,"minecraft:diamond_shovel":1,"minecraft:slime_ball":205,"minecraft:iron_helmet":6,"minecraft:cherry_sapling":40,"minecraft:gray_wool":1,"minecraft:baked_potato":39,"minecraft:black_wool":1,"minecraft:coal":156,"minecraft:ender_pearl":1},"minecraft:killed_by":{"minecraft:husk":8,"minecraft:player":2,"minecraft:stray":7},"minecraft:killed":{"minecraft:cave_spider":5,"minecraft:zombified_piglin":6,"minecraft:spider":4,"minecraft:skeleton":23,"minecraft:chicken":1,"minecraft:silverfish":1,"minecraft:magma_cube":51,"minecraft:piglin":1,"minecraft:pig":13,"minecraft:salmon":4,"minecraft:creeper":8,"minecraft:sheep":18,"minecraft:zombie":21,"minecraft:donkey":1,"minecraft:ghast":1,"minecraft:stray":42,"minecraft:glow_squid":2,"minecraft:blaze":73,"minecraft:cow":14,"minecraft:slime":128,"minecraft:horse":8,"minecraft:drowned":1,"minecraft:husk":110,"minecraft:rabbit":26,"minecraft:bat":2,"minecraft:breeze":18,"minecraft:wither_skeleton":59,"minecraft:enderman":2},"minecraft:used":{"minecraft:waxed_oxidized_copper_door":1,"minecraft:tuff_bricks":1,"minecraft:cherry_sapling":6,"minecraft:heavy_core":1,"minecraft:decorated_pot":8,"minecraft:chest":1,"minecraft:shield":100,"minecraft:iron_sword":256,"minecraft:rotten_flesh":67,"minecraft:iron_chestplate":1,"minecraft:mutton":12,"minecraft:nether_bricks":140,"minecraft:carrot":115,"minecraft:lava_bucket":23,"minecraft:lantern":2,"minecraft:grass_block":6,"minecraft:iron_helmet":3,"minecraft:vault":2,"minecraft:bow":31,"minecraft:ominous_bottle":2,"minecraft:oak_sapling":1,"minecraft:furnace":4,"minecraft:potato":1,"minecraft:stone_pickaxe":98,"minecraft:oak_planks":23,"minecraft:wooden_pickaxe":8,"minecraft:diamond_axe":334,"minecraft:white_wool":2,"minecraft:golden_apple":1,"minecraft:sand":4,"minecraft:crossbow":147,"minecraft:mace":17,"minecraft:bread":12,"minecraft:string":1,"minecraft:cherry_sign":2,"minecraft:gravel":2,"minecraft:golden_helmet":2,"minecraft:waxed_oxidized_cut_copper_stairs":1,"minecraft:enchanting_table":1,"minecraft:flint_and_steel":196,"minecraft:cooked_chicken":6,"minecraft:trial_key":12,"minecraft:netherrack":32,"minecraft:torch":73,"minecraft:dirt":58,"minecraft:diamond_helmet":2,"minecraft:iron_block":2,"minecraft:iron_axe":422,"minecraft:cherry_slab":433,"minecraft:iron_boots":2,"minecraft:barrel":3,"minecraft:smooth_basalt":4,"minecraft:diamond_chestplate":2,"minecraft:basalt":122,"minecraft:cooked_beef":73,"minecraft:cobbled_deepslate":61,"minecraft:cherry_log":131,"minecraft:iron_leggings":1,"minecraft:pointed_dripstone":1,"minecraft:calcite":3,"minecraft:wheat_seeds":43,"minecraft:cooked_mutton":12,"minecraft:water_bucket":97,"minecraft:amethyst_block":2,"minecraft:birch_planks":6,"minecraft:bundle":3,"minecraft:baked_potato":20,"minecraft:cherry_planks":307,"minecraft:birch_boat":10,"minecraft:waxed_copper_block":1,"minecraft:crafting_table":6,"minecraft:red_bed":3,"minecraft:white_bed":11,"minecraft:flower_pot":1,"minecraft:diamond_pickaxe":375,"minecraft:oxeye_daisy":1,"minecraft:ominous_trial_key":7,"minecraft:wind_charge":28,"minecraft:iron_pickaxe":341,"minecraft:stone_axe":63,"minecraft:pink_petals":101,"minecraft:cobblestone":223,"minecraft:potion":4,"minecraft:cherry_stairs":2,"minecraft:bucket":119,"minecraft:yellow_bed":1,"minecraft:jukebox":5,"minecraft:splash_potion":1},"minecraft:broken":{"minecraft:golden_helmet":1,"minecraft:iron_boots":1,"minecraft:iron_leggings":1,"minecraft:iron_sword":1,"minecraft:iron_helmet":1}},"DataVersion":3953}