{"stats":{"minecraft:dropped":{"minecraft:iron_ingot":20,"minecraft:wheat_seeds":5,"minecraft:diamond":1,"minecraft:cobblestone":2,"minecraft:apple":1,"minecraft:stick":2,"minecraft:cherry_planks":2,"minecraft:dandelion":1,"minecraft:bone":1,"minecraft:raw_iron":51,"minecraft:rotten_flesh":5,"minecraft:azure_bluet":1,"minecraft:andesite":1,"minecraft:oak_sapling":1,"minecraft:arrow":1,"minecraft:wooden_pickaxe":1},"minecraft:crafted":{"minecraft:cherry_planks":236,"minecraft:oak_planks":208,"minecraft:stone_shovel":2,"minecraft:cherry_slab":48,"minecraft:furnace":3,"minecraft:cooked_mutton":3,"minecraft:glass":28,"minecraft:iron_boots":1,"minecraft:iron_axe":1,"minecraft:cherry_stairs":36,"minecraft:stone_pickaxe":2,"minecraft:chest":4,"minecraft:cooked_porkchop":14,"minecraft:crafting_table":5,"minecraft:wooden_pickaxe":1,"minecraft:iron_helmet":1,"minecraft:iron_sword":1,"minecraft:bucket":2,"minecraft:stone_axe":2,"minecraft:air":0,"minecraft:oak_boat":1,"minecraft:iron_chestplate":1,"minecraft:shield":1,"minecraft:stick":24,"minecraft:iron_ingot":54,"minecraft:iron_pickaxe":2,"minecraft:iron_leggings":1,"minecraft:white_bed":2,"minecraft:torch":24},"minecraft:mined":{"minecraft:white_bed":1,"minecraft:deepslate_diamond_ore":8,"minecraft:sculk_vein":1,"minecraft:cherry_log":164,"minecraft:cherry_sapling":5,"minecraft:grass_block":202,"minecraft:furnace":4,"minecraft:carrots":7,"minecraft:cobbled_deepslate":25,"minecraft:iron_ore":24,"minecraft:fire":11,"minecraft:andesite":1,"minecraft:sculk_shrieker":1,"minecraft:deepslate_iron_ore":11,"minecraft:stone":93,"minecraft:cherry_stairs":18,"minecraft:cherry_planks":36,"minecraft:crafting_table":5,"minecraft:torch":2,"minecraft:short_grass":54,"minecraft:cobblestone":11,"minecraft:tall_grass":2,"minecraft:deepslate_gold_ore":3,"minecraft:oak_planks":79,"minecraft:sculk":17,"minecraft:wall_torch":5,"minecraft:cherry_slab":56,"minecraft:pink_petals":45,"minecraft:wheat":1,"minecraft:bee_nest":1,"minecraft:oak_log":59,"minecraft:coal_ore":76,"minecraft:cherry_leaves":19,"minecraft:dirt":88,"minecraft:oak_leaves":8,"minecraft:deepslate":22},"minecraft:custom":{"minecraft:mob_kills":42,"minecraft:interact_with_crafting_table":47,"minecraft:leave_game":2,"minecraft:time_since_death":29168,"minecraft:sprint_one_cm":376296,"minecraft:walk_one_cm":726840,"minecraft:damage_blocked_by_shield":1651,"minecraft:drop":23,"minecraft:play_time":210829,"minecraft:deaths":5,"minecraft:sneak_time":32683,"minecraft:walk_under_water_one_cm":12463,"minecraft:boat_one_cm":2531,"minecraft:jump":3694,"minecraft:walk_on_water_one_cm":17043,"minecraft:total_world_time":210829,"minecraft:interact_with_furnace":54,"minecraft:sleep_in_bed":12,"minecraft:time_since_rest":29220,"minecraft:damage_taken":3276,"minecraft:damage_dealt":7534,"minecraft:swim_one_cm":17367,"minecraft:player_kills":2,"minecraft:fly_one_cm":652684,"minecraft:open_chest":29,"minecraft:crouch_one_cm":133421,"minecraft:fall_one_cm":84506},"minecraft:picked_up":{"minecraft:iron_chestplate":3,"minecraft:crafting_table":5,"minecraft:azure_bluet":4,"minecraft:chicken":2,"minecraft:shield":2,"minecraft:iron_axe":4,"minecraft:iron_leggings":3,"minecraft:cobbled_deepslate":75,"minecraft:oak_boat":4,"minecraft:poppy":2,"minecraft:iron_pickaxe":6,"minecraft:egg":1,"minecraft:iron_boots":3,"minecraft:furnace":7,"minecraft:stick":15,"minecraft:raw_iron":113,"minecraft:cherry_stairs":18,"minecraft:oak_door":1,"minecraft:torch":41,"minecraft:porkchop":14,"minecraft:cherry_log":163,"minecraft:carrot":28,"minecraft:rotten_flesh":7,"minecraft:arrow":3,"minecraft:stone_shovel":3,"minecraft:gold_ingot":5,"minecraft:mutton":3,"minecraft:white_wool":3,"minecraft:cobblestone":111,"minecraft:pink_petals":151,"minecraft:feather":9,"minecraft:cooked_beef":7,"minecraft:cherry_planks":182,"minecraft:water_bucket":2,"minecraft:andesite":2,"minecraft:oak_log":58,"minecraft:gunpowder":6,"minecraft:dirt":310,"minecraft:lantern":4,"minecraft:bone":6,"minecraft:apple":25,"minecraft:bow":2,"minecraft:wheat_seeds":33,"minecraft:raw_gold":15,"minecraft:iron_ingot":12,"minecraft:stone_pickaxe":3,"minecraft:cooked_chicken":4,"minecraft:oak_planks":253,"minecraft:iron_sword":3,"minecraft:cooked_porkchop":14,"minecraft:dandelion":10,"minecraft:sand":32,"minecraft:white_bed":1,"minecraft:diamond":22,"minecraft:iron_helmet":3,"minecraft:cherry_sapling":50,"minecraft:oak_sapling":1,"minecraft:cherry_slab":77,"minecraft:coal":337},"minecraft:killed_by":{"minecraft:creeper":1,"minecraft:skeleton":1,"minecraft:zombie":1},"minecraft:killed":{"minecraft:spider":1,"minecraft:skeleton":6,"minecraft:chicken":2,"minecraft:pig":8,"minecraft:zombie_villager":1,"minecraft:creeper":2,"minecraft:sheep":3,"minecraft:zombie":17,"minecraft:enderman":1},"minecraft:used":{"minecraft:cherry_sapling":12,"minecraft:stone_shovel":267,"minecraft:chest":4,"minecraft:shield":23,"minecraft:iron_sword":55,"minecraft:cooked_chicken":2,"minecraft:iron_chestplate":1,"minecraft:oak_door":1,"minecraft:torch":24,"minecraft:dirt":295,"minecraft:carrot":24,"minecraft:glass":28,"minecraft:lantern":4,"minecraft:iron_axe":287,"minecraft:cherry_slab":105,"minecraft:iron_boots":1,"minecraft:bow":1,"minecraft:furnace":9,"minecraft:cooked_beef":7,"minecraft:cobbled_deepslate":27,"minecraft:cherry_log":79,"minecraft:iron_leggings":1,"minecraft:cooked_mutton":3,"minecraft:water_bucket":27,"minecraft:stone_pickaxe":157,"minecraft:oak_planks":172,"minecraft:wooden_pickaxe":37,"minecraft:cherry_planks":157,"minecraft:crafting_table":9,"minecraft:white_bed":3,"minecraft:oak_log":6,"minecraft:apple":2,"minecraft:bread":1,"minecraft:iron_pickaxe":117,"minecraft:stone_axe":186,"minecraft:pink_petals":105,"minecraft:cobblestone":62,"minecraft:cherry_stairs":53,"minecraft:cooked_porkchop":14,"minecraft:andesite":1,"minecraft:bucket":29,"minecraft:oak_boat":1},"minecraft:broken":{"minecraft:stone_pickaxe":1,"minecraft:iron_axe":1,"minecraft:stone_axe":1,"minecraft:iron_pickaxe":1,"minecraft:stone_shovel":2}},"DataVersion":3953}