{"stats":{"minecraft:dropped":{"minecraft:iron_ingot":20,"minecraft:wheat_seeds":5,"minecraft:diamond":1,"minecraft:feather":2,"minecraft:cobblestone":2,"minecraft:apple":1,"minecraft:golden_apple":1,"minecraft:stick":2,"minecraft:dirt":8,"minecraft:cherry_planks":2,"minecraft:string":2,"minecraft:pink_petals":3,"minecraft:dandelion":1,"minecraft:bone":1,"minecraft:cherry_sapling":8,"minecraft:raw_iron":51,"minecraft:rotten_flesh":6,"minecraft:cherry_slab":20,"minecraft:azure_bluet":1,"minecraft:leather_chestplate":1,"minecraft:potato":8,"minecraft:gunpowder":2,"minecraft:andesite":1,"minecraft:oak_sapling":1,"minecraft:leather_leggings":1,"minecraft:arrow":1,"minecraft:bow":1,"minecraft:wooden_pickaxe":1,"minecraft:stone_pickaxe":1},"minecraft:crafted":{"minecraft:cherry_planks":236,"minecraft:oak_planks":208,"minecraft:stone_shovel":2,"minecraft:cherry_slab":48,"minecraft:cooked_chicken":2,"minecraft:furnace":4,"minecraft:bone_meal":9,"minecraft:cooked_mutton":3,"minecraft:glass":32,"minecraft:iron_boots":1,"minecraft:iron_axe":1,"minecraft:cherry_stairs":36,"minecraft:stone_pickaxe":2,"minecraft:chest":4,"minecraft:cooked_porkchop":14,"minecraft:crafting_table":6,"minecraft:wooden_pickaxe":1,"minecraft:iron_helmet":1,"minecraft:iron_sword":1,"minecraft:cooked_salmon":10,"minecraft:bucket":2,"minecraft:stone_axe":2,"minecraft:bread":1,"minecraft:air":0,"minecraft:oak_boat":1,"minecraft:iron_chestplate":1,"minecraft:shield":2,"minecraft:stick":48,"minecraft:iron_ingot":72,"minecraft:iron_pickaxe":3,"minecraft:iron_leggings":1,"minecraft:white_bed":2,"minecraft:torch":88},"minecraft:mined":{"minecraft:tuff":5,"minecraft:white_bed":1,"minecraft:deepslate_diamond_ore":50,"minecraft:sculk_vein":1,"minecraft:cherry_log":164,"minecraft:cherry_sapling":5,"minecraft:grass_block":203,"minecraft:spawner":1,"minecraft:furnace":6,"minecraft:carrots":7,"minecraft:cobbled_deepslate":25,"minecraft:iron_ore":68,"minecraft:fire":11,"minecraft:andesite":2,"minecraft:sculk_shrieker":1,"minecraft:potatoes":10,"minecraft:deepslate_iron_ore":33,"minecraft:lantern":3,"minecraft:stone":127,"minecraft:cherry_stairs":18,"minecraft:cherry_planks":40,"minecraft:crafting_table":9,"minecraft:torch":3,"minecraft:short_grass":56,"minecraft:cobblestone":18,"minecraft:glass":3,"minecraft:tall_grass":3,"minecraft:deepslate_gold_ore":12,"minecraft:oak_planks":79,"minecraft:sculk":17,"minecraft:wall_torch":6,"minecraft:cherry_slab":56,"minecraft:pink_petals":46,"minecraft:wheat":1,"minecraft:bee_nest":1,"minecraft:oak_log":59,"minecraft:coal_ore":137,"minecraft:gravel":1,"minecraft:cherry_leaves":19,"minecraft:dirt":88,"minecraft:cobweb":1,"minecraft:oak_leaves":8,"minecraft:deepslate":68},"minecraft:custom":{"minecraft:mob_kills":87,"minecraft:interact_with_crafting_table":54,"minecraft:leave_game":3,"minecraft:time_since_death":93138,"minecraft:climb_one_cm":312,"minecraft:sprint_one_cm":525340,"minecraft:walk_one_cm":928970,"minecraft:damage_blocked_by_shield":2458,"minecraft:drop":38,"minecraft:play_time":274799,"minecraft:deaths":5,"minecraft:sneak_time":39026,"minecraft:walk_under_water_one_cm":24089,"minecraft:boat_one_cm":2531,"minecraft:jump":5112,"minecraft:walk_on_water_one_cm":37055,"minecraft:total_world_time":274799,"minecraft:interact_with_furnace":76,"minecraft:sleep_in_bed":12,"minecraft:time_since_rest":93190,"minecraft:damage_taken":4289,"minecraft:damage_dealt":13439,"minecraft:swim_one_cm":38963,"minecraft:player_kills":2,"minecraft:fly_one_cm":892838,"minecraft:open_chest":36,"minecraft:crouch_one_cm":152569,"minecraft:fall_one_cm":118957},"minecraft:picked_up":{"minecraft:iron_chestplate":3,"minecraft:crafting_table":9,"minecraft:azure_bluet":4,"minecraft:chicken":4,"minecraft:leather_leggings":1,"minecraft:shield":2,"minecraft:string":3,"minecraft:iron_axe":4,"minecraft:iron_leggings":3,"minecraft:cobbled_deepslate":121,"minecraft:oak_boat":4,"minecraft:poppy":2,"minecraft:iron_pickaxe":6,"minecraft:egg":2,"minecraft:iron_boots":3,"minecraft:furnace":9,"minecraft:stick":15,"minecraft:raw_iron":180,"minecraft:cherry_stairs":18,"minecraft:oak_door":1,"minecraft:torch":43,"minecraft:porkchop":15,"minecraft:cherry_log":163,"minecraft:carrot":28,"minecraft:stone_shovel":3,"minecraft:arrow":10,"minecraft:rotten_flesh":12,"minecraft:gold_ingot":5,"minecraft:mutton":3,"minecraft:rail":1,"minecraft:white_wool":3,"minecraft:cobblestone":151,"minecraft:pink_petals":152,"minecraft:leather_chestplate":1,"minecraft:feather":11,"minecraft:cooked_beef":7,"minecraft:cherry_planks":186,"minecraft:andesite":3,"minecraft:water_bucket":2,"minecraft:salmon":17,"minecraft:potato":36,"minecraft:tuff":3,"minecraft:oak_log":58,"minecraft:gunpowder":10,"minecraft:dirt":311,"minecraft:lantern":7,"minecraft:bone":12,"minecraft:apple":25,"minecraft:bow":2,"minecraft:wheat_seeds":33,"minecraft:raw_gold":24,"minecraft:iron_ingot":12,"minecraft:stone_pickaxe":3,"minecraft:cooked_chicken":4,"minecraft:oak_planks":253,"minecraft:iron_sword":3,"minecraft:cooked_porkchop":14,"minecraft:dandelion":10,"minecraft:gravel":1,"minecraft:sand":32,"minecraft:white_bed":1,"minecraft:diamond":64,"minecraft:iron_helmet":3,"minecraft:cherry_sapling":50,"minecraft:bone_meal":3,"minecraft:oak_sapling":1,"minecraft:cherry_slab":77,"minecraft:coal":398},"minecraft:killed_by":{"minecraft:creeper":1,"minecraft:skeleton":1,"minecraft:zombie":1},"minecraft:killed":{"minecraft:spider":3,"minecraft:skeleton":11,"minecraft:chicken":4,"minecraft:pig":9,"minecraft:zombie_villager":1,"minecraft:salmon":14,"minecraft:creeper":6,"minecraft:sheep":3,"minecraft:zombie":34,"minecraft:enderman":1},"minecraft:used":{"minecraft:cherry_sapling":12,"minecraft:stone_shovel":267,"minecraft:chest":4,"minecraft:shield":36,"minecraft:iron_sword":184,"minecraft:cooked_salmon":10,"minecraft:cooked_chicken":4,"minecraft:oak_door":1,"minecraft:iron_chestplate":1,"minecraft:torch":67,"minecraft:dirt":295,"minecraft:carrot":24,"minecraft:tuff":3,"minecraft:glass":31,"minecraft:lava_bucket":1,"minecraft:lantern":7,"minecraft:iron_axe":295,"minecraft:cherry_slab":105,"minecraft:iron_boots":1,"minecraft:bow":1,"minecraft:furnace":12,"minecraft:egg":2,"minecraft:cooked_beef":7,"minecraft:potato":28,"minecraft:cobbled_deepslate":41,"minecraft:cherry_log":79,"minecraft:iron_leggings":1,"minecraft:cooked_mutton":3,"minecraft:water_bucket":46,"minecraft:stone_pickaxe":157,"minecraft:oak_planks":172,"minecraft:wooden_pickaxe":37,"minecraft:cherry_planks":162,"minecraft:salmon":2,"minecraft:crafting_table":14,"minecraft:white_bed":3,"minecraft:oak_log":6,"minecraft:apple":2,"minecraft:bread":3,"minecraft:iron_pickaxe":397,"minecraft:stone_axe":186,"minecraft:pink_petals":105,"minecraft:cherry_stairs":53,"minecraft:cobblestone":90,"minecraft:cooked_porkchop":18,"minecraft:bucket":49,"minecraft:andesite":1,"minecraft:oak_boat":1},"minecraft:broken":{"minecraft:stone_pickaxe":1,"minecraft:iron_axe":1,"minecraft:stone_axe":1,"minecraft:iron_pickaxe":2,"minecraft:stone_shovel":2}},"DataVersion":3953}