{"stats":{"minecraft:killed_by":{"minecraft:creeper":1,"minecraft:spider":1,"minecraft:witch":1},"minecraft:dropped":{"minecraft:iron_sword":1,"minecraft:sugar_cane":6,"minecraft:wheat_seeds":1,"minecraft:stone_sword":1,"minecraft:rotten_flesh":3,"minecraft:apple":1,"minecraft:dirt":1,"minecraft:andesite":1,"minecraft:spider_eye":2,"minecraft:arrow":4,"minecraft:wooden_pickaxe":2,"minecraft:stone_pickaxe":2,"minecraft:string":22,"minecraft:bone":4},"minecraft:mined":{"minecraft:deepslate_redstone_ore":8,"minecraft:tuff":10,"minecraft:white_bed":4,"minecraft:deepslate_diamond_ore":10,"minecraft:powder_snow":6,"minecraft:crafting_table":11,"minecraft:torch":8,"minecraft:granite":9,"minecraft:short_grass":20,"minecraft:grass_block":5,"minecraft:cobblestone":8,"minecraft:tall_grass":6,"minecraft:oak_planks":1,"minecraft:lapis_ore":17,"minecraft:sugar_cane":3,"minecraft:diorite":8,"minecraft:wall_torch":4,"minecraft:pink_petals":24,"minecraft:furnace":7,"minecraft:iron_ore":118,"minecraft:andesite":1,"minecraft:birch_leaves":2,"minecraft:deepslate_iron_ore":6,"minecraft:coal_ore":221,"minecraft:oak_log":63,"minecraft:gravel":6,"minecraft:sunflower":5,"minecraft:cobweb":27,"minecraft:stone":266,"minecraft:deepslate":123,"minecraft:oak_leaves":19},"minecraft:custom":{"minecraft:interact_with_furnace":48,"minecraft:mob_kills":95,"minecraft:interact_with_crafting_table":31,"minecraft:sleep_in_bed":1,"minecraft:leave_game":7,"minecraft:time_since_death":104598,"minecraft:damage_resisted":1142,"minecraft:climb_one_cm":1250,"minecraft:time_since_rest":4080,"minecraft:sprint_one_cm":391720,"minecraft:damage_taken":3800,"minecraft:walk_one_cm":699421,"minecraft:damage_blocked_by_shield":1628,"minecraft:drop":18,"minecraft:damage_dealt":9791,"minecraft:swim_one_cm":37849,"minecraft:talked_to_villager":4,"minecraft:fly_one_cm":735584,"minecraft:open_chest":1,"minecraft:crouch_one_cm":7543,"minecraft:play_time":181750,"minecraft:deaths":7,"minecraft:sneak_time":2939,"minecraft:walk_under_water_one_cm":21733,"minecraft:boat_one_cm":7938,"minecraft:jump":4517,"minecraft:walk_on_water_one_cm":11149,"minecraft:total_world_time":181750,"minecraft:fall_one_cm":153515},"minecraft:crafted":{"minecraft:cooked_beef":20,"minecraft:oak_planks":128,"minecraft:cooked_porkchop":32,"minecraft:crafting_table":5,"minecraft:wooden_pickaxe":3,"minecraft:cooked_chicken":14,"minecraft:iron_helmet":2,"minecraft:iron_sword":2,"minecraft:furnace":3,"minecraft:cooked_salmon":12,"minecraft:bucket":2,"minecraft:cooked_mutton":18,"minecraft:air":0,"minecraft:iron_boots":2,"minecraft:iron_chestplate":2,"minecraft:shield":1,"minecraft:iron_axe":2,"minecraft:stick":48,"minecraft:iron_ingot":56,"minecraft:iron_pickaxe":4,"minecraft:stone_pickaxe":3,"minecraft:stone_sword":3,"minecraft:iron_leggings":2,"minecraft:white_bed":1,"minecraft:torch":20,"minecraft:cooked_rabbit":2},"minecraft:picked_up":{"minecraft:pink_petals":139,"minecraft:crafting_table":12,"minecraft:feather":20,"minecraft:andesite":1,"minecraft:chicken":14,"minecraft:salmon":12,"minecraft:leather":4,"minecraft:brown_wool":2,"minecraft:wooden_pickaxe":2,"minecraft:pink_wool":1,"minecraft:oak_log":66,"minecraft:gunpowder":3,"minecraft:string":47,"minecraft:lapis_lazuli":112,"minecraft:dirt":5,"minecraft:bone":4,"minecraft:apple":1,"minecraft:bow":1,"minecraft:wheat_seeds":5,"minecraft:cobbled_deepslate":123,"minecraft:rabbit_hide":2,"minecraft:beef":20,"minecraft:iron_ingot":36,"minecraft:stone_pickaxe":2,"minecraft:light_gray_wool":1,"minecraft:rabbit":2,"minecraft:sugar_cane":12,"minecraft:iron_sword":1,"minecraft:oak_planks":13,"minecraft:furnace":8,"minecraft:stick":4,"minecraft:raw_iron":124,"minecraft:torch":13,"minecraft:dandelion":1,"minecraft:porkchop":32,"minecraft:diorite":8,"minecraft:white_bed":4,"minecraft:redstone":35,"minecraft:spider_eye":2,"minecraft:stone_sword":2,"minecraft:arrow":8,"minecraft:rotten_flesh":6,"minecraft:diamond":10,"minecraft:granite":9,"minecraft:oak_sapling":1,"minecraft:black_wool":1,"minecraft:mutton":18,"minecraft:coal":330,"minecraft:white_wool":5,"minecraft:cobblestone":289,"minecraft:sunflower":3},"minecraft:broken":{"minecraft:iron_pickaxe":2},"minecraft:killed":{"minecraft:cave_spider":3,"minecraft:pig":17,"minecraft:salmon":13,"minecraft:rabbit":2,"minecraft:spider":1,"minecraft:creeper":3,"minecraft:skeleton":8,"minecraft:sheep":10,"minecraft:zombie":14,"minecraft:chicken":14,"minecraft:cow":8},"minecraft:used":{"minecraft:cooked_mutton":14,"minecraft:diorite":8,"minecraft:stone_sword":106,"minecraft:stone_pickaxe":102,"minecraft:shield":20,"minecraft:wooden_pickaxe":30,"minecraft:iron_sword":172,"minecraft:cooked_chicken":3,"minecraft:white_wool":1,"minecraft:torch":46,"minecraft:dirt":4,"minecraft:crafting_table":13,"minecraft:white_bed":4,"minecraft:granite":9,"minecraft:oak_log":2,"minecraft:sunflower":3,"minecraft:iron_axe":3,"minecraft:brown_wool":1,"minecraft:iron_pickaxe":691,"minecraft:cobblestone":165,"minecraft:furnace":8,"minecraft:oak_sapling":1,"minecraft:cooked_porkchop":12,"minecraft:cooked_rabbit":2,"minecraft:bucket":1,"minecraft:dandelion":1}},"DataVersion":3953}