{"stats":{"minecraft:dropped":{"minecraft:golden_boots":1,"minecraft:iron_sword":2,"minecraft:wheat_seeds":2,"minecraft:glow_ink_sac":7,"minecraft:cobblestone":35,"minecraft:apple":2,"minecraft:coal":32,"minecraft:stick":4,"minecraft:music_disc_13":2,"minecraft:dirt":19,"minecraft:iron_leggings":1,"minecraft:string":30,"minecraft:pink_petals":10,"minecraft:music_disc_cat":1,"minecraft:bone":13,"minecraft:sugar_cane":6,"minecraft:stone_sword":1,"minecraft:raw_copper":5,"minecraft:tuff":3,"minecraft:pointed_dripstone":14,"minecraft:rotten_flesh":38,"minecraft:gunpowder":3,"minecraft:iron_chestplate":1,"minecraft:andesite":1,"minecraft:spider_eye":5,"minecraft:wooden_pickaxe":2,"minecraft:bow":5,"minecraft:arrow":17,"minecraft:stone_pickaxe":2},"minecraft:crafted":{"minecraft:oak_planks":264,"minecraft:cooked_chicken":16,"minecraft:furnace":3,"minecraft:bone_meal":3,"minecraft:cooked_mutton":18,"minecraft:diamond_helmet":1,"minecraft:iron_boots":3,"minecraft:diamond_leggings":2,"minecraft:iron_axe":2,"minecraft:stone_pickaxe":3,"minecraft:chest":2,"minecraft:diamond_boots":1,"minecraft:cooked_rabbit":2,"minecraft:cooked_beef":29,"minecraft:diamond_sword":1,"minecraft:cooked_porkchop":32,"minecraft:crafting_table":5,"minecraft:wooden_pickaxe":3,"minecraft:iron_helmet":3,"minecraft:iron_sword":3,"minecraft:cooked_salmon":12,"minecraft:bucket":2,"minecraft:air":0,"minecraft:iron_chestplate":3,"minecraft:diamond_pickaxe":1,"minecraft:shield":4,"minecraft:stick":84,"minecraft:iron_ingot":121,"minecraft:iron_pickaxe":7,"minecraft:stone_sword":3,"minecraft:iron_leggings":3,"minecraft:white_bed":1,"minecraft:torch":124},"minecraft:mined":{"minecraft:tuff":13,"minecraft:white_bed":6,"minecraft:deepslate_diamond_ore":39,"minecraft:granite":10,"minecraft:grass_block":46,"minecraft:spawner":2,"minecraft:furnace":9,"minecraft:iron_ore":123,"minecraft:cobbled_deepslate":14,"minecraft:andesite":7,"minecraft:pointed_dripstone":9,"minecraft:deepslate_iron_ore":6,"minecraft:stone":285,"minecraft:deepslate_redstone_ore":8,"minecraft:powder_snow":6,"minecraft:crafting_table":17,"minecraft:torch":13,"minecraft:short_grass":24,"minecraft:chest":4,"minecraft:rose_bush":1,"minecraft:cobblestone":9,"minecraft:copper_ore":1,"minecraft:tall_grass":7,"minecraft:lapis_ore":17,"minecraft:sugar_cane":3,"minecraft:oak_planks":16,"minecraft:diorite":8,"minecraft:wall_torch":15,"minecraft:pink_petals":26,"minecraft:birch_leaves":3,"minecraft:coal_ore":271,"minecraft:oak_log":119,"minecraft:sunflower":5,"minecraft:gravel":8,"minecraft:dripstone_block":3,"minecraft:dirt":27,"minecraft:cobweb":27,"minecraft:oak_leaves":51,"minecraft:deepslate":150},"minecraft:custom":{"minecraft:mob_kills":174,"minecraft:interact_with_crafting_table":50,"minecraft:leave_game":10,"minecraft:time_since_death":18363,"minecraft:climb_one_cm":1250,"minecraft:damage_resisted":6158,"minecraft:sprint_one_cm":705390,"minecraft:walk_one_cm":1269458,"minecraft:damage_blocked_by_shield":5994,"minecraft:drop":103,"minecraft:talked_to_villager":4,"minecraft:play_time":339872,"minecraft:deaths":11,"minecraft:sneak_time":4933,"minecraft:walk_under_water_one_cm":82971,"minecraft:boat_one_cm":7938,"minecraft:jump":8430,"minecraft:walk_on_water_one_cm":57529,"minecraft:total_world_time":339872,"minecraft:interact_with_furnace":64,"minecraft:sleep_in_bed":6,"minecraft:time_since_rest":18394,"minecraft:damage_taken":8821,"minecraft:damage_dealt":24423,"minecraft:swim_one_cm":61154,"minecraft:fly_one_cm":1178668,"minecraft:open_chest":29,"minecraft:crouch_one_cm":13040,"minecraft:fall_one_cm":287045},"minecraft:picked_up":{"minecraft:crafting_table":22,"minecraft:iron_chestplate":4,"minecraft:wheat":8,"minecraft:chicken":16,"minecraft:wooden_pickaxe":2,"minecraft:pink_wool":1,"minecraft:shield":2,"minecraft:music_disc_cat":1,"minecraft:string":56,"minecraft:raw_copper":5,"minecraft:iron_axe":4,"minecraft:iron_leggings":4,"minecraft:cobbled_deepslate":266,"minecraft:beef":36,"minecraft:rose_bush":1,"minecraft:iron_pickaxe":12,"minecraft:light_gray_wool":1,"minecraft:sugar_cane":12,"minecraft:chest":4,"minecraft:furnace":13,"minecraft:iron_boots":4,"minecraft:egg":1,"minecraft:stick":14,"minecraft:raw_iron":129,"minecraft:torch":97,"minecraft:porkchop":33,"minecraft:pointed_dripstone":21,"minecraft:diorite":8,"minecraft:redstone":35,"minecraft:iron_horse_armor":2,"minecraft:diamond_chestplate":5,"minecraft:stone_sword":2,"minecraft:arrow":60,"minecraft:rotten_flesh":53,"minecraft:mutton":18,"minecraft:white_wool":5,"minecraft:cobblestone":309,"minecraft:pink_petals":149,"minecraft:feather":20,"minecraft:cooked_beef":24,"minecraft:andesite":7,"minecraft:glow_ink_sac":7,"minecraft:water_bucket":4,"minecraft:salmon":12,"minecraft:brown_wool":2,"minecraft:leather":18,"minecraft:tuff":5,"minecraft:oak_log":123,"minecraft:golden_boots":1,"minecraft:gunpowder":5,"minecraft:lapis_lazuli":112,"minecraft:dirt":118,"minecraft:bone":22,"minecraft:apple":3,"minecraft:bow":12,"minecraft:wheat_seeds":6,"minecraft:rabbit_hide":2,"minecraft:iron_ingot":36,"minecraft:stone_pickaxe":2,"minecraft:cooked_chicken":1,"minecraft:rabbit":2,"minecraft:oak_planks":247,"minecraft:iron_sword":6,"minecraft:music_disc_13":2,"minecraft:dandelion":1,"minecraft:dripstone_block":3,"minecraft:gravel":1,"minecraft:lava_bucket":4,"minecraft:white_bed":6,"minecraft:spider_eye":5,"minecraft:diamond":178,"minecraft:iron_helmet":4,"minecraft:granite":10,"minecraft:golden_apple":6,"minecraft:bread":2,"minecraft:oak_sapling":15,"minecraft:black_wool":1,"minecraft:coal":628,"minecraft:sunflower":3},"minecraft:killed_by":{"minecraft:creeper":2,"minecraft:spider":1,"minecraft:skeleton":2,"minecraft:witch":1,"minecraft:zombie":1},"minecraft:killed":{"minecraft:cave_spider":3,"minecraft:spider":6,"minecraft:skeleton":32,"minecraft:chicken":16,"minecraft:pig":18,"minecraft:zombie_villager":1,"minecraft:salmon":13,"minecraft:rabbit":2,"minecraft:creeper":6,"minecraft:sheep":10,"minecraft:zombie":47,"minecraft:cow":15},"minecraft:used":{"minecraft:stone_sword":106,"minecraft:rose_bush":1,"minecraft:chest":6,"minecraft:shield":91,"minecraft:iron_sword":474,"minecraft:cooked_salmon":10,"minecraft:cooked_chicken":5,"minecraft:iron_chestplate":1,"minecraft:torch":161,"minecraft:dirt":55,"minecraft:granite":10,"minecraft:iron_axe":123,"minecraft:iron_boots":1,"minecraft:furnace":10,"minecraft:oak_sapling":15,"minecraft:egg":1,"minecraft:cooked_beef":27,"minecraft:cobbled_deepslate":164,"minecraft:pointed_dripstone":7,"minecraft:iron_leggings":1,"minecraft:cooked_mutton":14,"minecraft:water_bucket":8,"minecraft:diorite":8,"minecraft:stone_pickaxe":102,"minecraft:oak_planks":56,"minecraft:wooden_pickaxe":30,"minecraft:white_wool":1,"minecraft:glow_berries":3,"minecraft:crafting_table":20,"minecraft:white_bed":7,"minecraft:dripstone_block":3,"minecraft:oak_log":4,"minecraft:apple":1,"minecraft:sunflower":3,"minecraft:bread":1,"minecraft:brown_wool":1,"minecraft:iron_pickaxe":864,"minecraft:gravel":1,"minecraft:cobblestone":183,"minecraft:cooked_porkchop":17,"minecraft:cooked_rabbit":2,"minecraft:bucket":10,"minecraft:dandelion":1,"minecraft:bone_meal":3},"minecraft:broken":{"minecraft:iron_boots":1,"minecraft:shield":2,"minecraft:iron_sword":1,"minecraft:iron_pickaxe":3,"minecraft:iron_helmet":1}},"DataVersion":3953}