{"stats":{"minecraft:dropped":{"minecraft:porkchop":5,"minecraft:diamond_axe":1,"minecraft:lapis_lazuli":2,"minecraft:cooked_beef":1,"minecraft:glow_ink_sac":2,"minecraft:golden_pickaxe":1,"minecraft:crossbow":3,"minecraft:leather":3,"minecraft:heavy_core":1,"minecraft:flint":1,"minecraft:red_bed":1,"minecraft:mutton":1,"minecraft:amethyst_shard":35,"minecraft:sand":64,"minecraft:iron_pickaxe":2,"minecraft:cherry_door":2,"minecraft:white_wool":7,"minecraft:gold_ingot":3,"minecraft:oak_door":1,"minecraft:gravel":13,"minecraft:stone_axe":11,"minecraft:cherry_boat":2,"minecraft:spyglass":1,"minecraft:cobbled_deepslate":93,"minecraft:cherry_sapling":39,"minecraft:rotten_flesh":23,"minecraft:oak_planks":18,"minecraft:diamond_shovel":1,"minecraft:honey_bottle":1,"minecraft:poppy":7,"minecraft:beetroot_seeds":1,"minecraft:acacia_sapling":1,"minecraft:breeze_rod":4,"minecraft:arrow":1,"minecraft:stone_hoe":17,"minecraft:water_bucket":1,"minecraft:iron_ingot":32,"minecraft:bread":33,"minecraft:wheat_seeds":28,"minecraft:feather":7,"minecraft:iron_helmet":1,"minecraft:cobblestone":139,"minecraft:granite":11,"minecraft:acacia_log":2,"minecraft:stick":14,"minecraft:diorite":42,"minecraft:golden_carrot":1,"minecraft:brown_wool":2,"minecraft:cherry_planks":123,"minecraft:diamond_helmet":1,"minecraft:fire_charge":7,"minecraft:iron_axe":2,"minecraft:string":7,"minecraft:pink_petals":9,"minecraft:dandelion":3,"minecraft:tuff":6,"minecraft:diamond_hoe":3,"minecraft:stone_shovel":1,"minecraft:chicken":1,"minecraft:light_gray_wool":1,"minecraft:flint_and_steel":2,"minecraft:bundle":1,"minecraft:andesite":30,"minecraft:oak_sapling":3,"minecraft:spider_eye":2,"minecraft:slime_ball":103,"minecraft:bow":2,"minecraft:stone_pickaxe":2,"minecraft:wooden_pickaxe":4},"minecraft:crafted":{"minecraft:grindstone":1,"minecraft:smooth_stone":10,"minecraft:oak_planks":276,"minecraft:cooked_chicken":4,"minecraft:cherry_boat":3,"minecraft:stone":13,"minecraft:diamond_shovel":1,"minecraft:bookshelf":2,"minecraft:cooked_mutton":21,"minecraft:diamond_helmet":1,"minecraft:diamond_leggings":1,"minecraft:bow":2,"minecraft:birch_fence_gate":1,"minecraft:chest":8,"minecraft:stone_hoe":10,"minecraft:arrow":128,"minecraft:emerald":137,"minecraft:cooked_porkchop":9,"minecraft:diamond_axe":3,"minecraft:crafting_table":19,"minecraft:baked_potato":7,"minecraft:wooden_pickaxe":3,"minecraft:smithing_table":2,"minecraft:fletching_table":1,"minecraft:birch_planks":68,"minecraft:iron_chestplate":1,"minecraft:book":6,"minecraft:paper":18,"minecraft:diamond_pickaxe":3,"minecraft:shield":5,"minecraft:birch_fence":27,"minecraft:stick":3932,"minecraft:stone_slab":6,"minecraft:iron_ingot":172,"minecraft:iron_pickaxe":3,"minecraft:gold_ingot":3,"minecraft:cherry_planks":1936,"minecraft:stone_shovel":1,"minecraft:diamond_hoe":3,"minecraft:furnace":16,"minecraft:blast_furnace":1,"minecraft:bone_meal":18,"minecraft:flint_and_steel":1,"minecraft:iron_axe":5,"minecraft:iron_hoe":1,"minecraft:stone_pickaxe":2,"minecraft:golden_helmet":1,"minecraft:wheat":135,"minecraft:cooked_beef":37,"minecraft:diamond_sword":1,"minecraft:enchanting_table":1,"minecraft:bucket":5,"minecraft:stone_axe":11,"minecraft:bread":137,"minecraft:air":0,"minecraft:oak_boat":1,"minecraft:iron_shovel":1,"minecraft:cherry_door":3,"minecraft:iron_leggings":1,"minecraft:acacia_planks":112,"minecraft:torch":244,"minecraft:diamond_chestplate":1},"minecraft:mined":{"minecraft:white_bed":4,"minecraft:cherry_log":423,"minecraft:brewing_stand":1,"minecraft:obsidian":15,"minecraft:granite":41,"minecraft:acacia_log":33,"minecraft:grass_block":460,"minecraft:composter":5,"minecraft:tuff_bricks":1,"minecraft:iron_ore":183,"minecraft:cobbled_deepslate":2,"minecraft:fletching_table":9,"minecraft:deepslate_lapis_ore":33,"minecraft:enchanting_table":1,"minecraft:pointed_dripstone":1,"minecraft:dirt_path":7,"minecraft:deepslate_redstone_ore":9,"minecraft:torch":1,"minecraft:blast_furnace":2,"minecraft:melon":10,"minecraft:chest":3,"minecraft:cobblestone":93,"minecraft:sugar_cane":29,"minecraft:grindstone":1,"minecraft:oak_planks":7,"minecraft:wall_torch":5,"minecraft:pink_petals":57,"minecraft:seagrass":1,"minecraft:birch_log":17,"minecraft:wheat":103,"minecraft:waxed_copper_block":1,"minecraft:cherry_door":1,"minecraft:oak_log":71,"minecraft:beetroots":1,"minecraft:dirt":41,"minecraft:stonecutter":1,"minecraft:netherrack":2,"minecraft:oak_leaves":13,"minecraft:deepslate":434,"minecraft:tuff":83,"minecraft:deepslate_diamond_ore":49,"minecraft:glow_lichen":1,"minecraft:decorated_pot":2,"minecraft:cartography_table":2,"minecraft:hay_block":15,"minecraft:furnace":7,"minecraft:carrots":18,"minecraft:andesite":31,"minecraft:potatoes":2,"minecraft:deepslate_iron_ore":121,"minecraft:rail":1,"minecraft:stone":518,"minecraft:white_wool":1,"minecraft:smithing_table":2,"minecraft:cherry_planks":34,"minecraft:dandelion":1,"minecraft:oak_fence":2,"minecraft:crafting_table":7,"minecraft:short_grass":209,"minecraft:emerald_ore":1,"minecraft:tall_grass":21,"minecraft:lapis_ore":15,"minecraft:deepslate_gold_ore":92,"minecraft:sculk":15,"minecraft:diorite":55,"minecraft:coal_ore":326,"minecraft:cherry_leaves":18,"minecraft:gravel":39,"minecraft:dripstone_block":3},"minecraft:custom":{"minecraft:animals_bred":33,"minecraft:interact_with_crafting_table":118,"minecraft:open_barrel":7,"minecraft:leave_game":8,"minecraft:time_since_death":175705,"minecraft:sprint_one_cm":1391355,"minecraft:damage_blocked_by_shield":8310,"minecraft:drop":183,"minecraft:talked_to_villager":89,"minecraft:play_time":483710,"minecraft:deaths":16,"minecraft:jump":12455,"minecraft:walk_on_water_one_cm":40460,"minecraft:interact_with_furnace":132,"minecraft:traded_with_villager":189,"minecraft:interact_with_cartography_table":2,"minecraft:sleep_in_bed":9,"minecraft:damage_dealt":42671,"minecraft:player_kills":2,"minecraft:crouch_one_cm":149021,"minecraft:interact_with_smoker":2,"minecraft:inspect_dispenser":5,"minecraft:horse_one_cm":36108,"minecraft:interact_with_smithing_table":4,"minecraft:mob_kills":382,"minecraft:climb_one_cm":3716,"minecraft:walk_one_cm":1311113,"minecraft:sneak_time":48311,"minecraft:walk_under_water_one_cm":20969,"minecraft:boat_one_cm":97599,"minecraft:interact_with_blast_furnace":1,"minecraft:total_world_time":483710,"minecraft:interact_with_grindstone":2,"minecraft:time_since_rest":131224,"minecraft:damage_taken":11588,"minecraft:swim_one_cm":60994,"minecraft:fly_one_cm":2220149,"minecraft:open_chest":138,"minecraft:fall_one_cm":391106},"minecraft:picked_up":{"minecraft:iron_chestplate":6,"minecraft:wheat":101,"minecraft:smithing_table":2,"minecraft:diamond_sword":2,"minecraft:potion":6,"minecraft:enchanted_book":4,"minecraft:brewing_stand":2,"minecraft:string":24,"minecraft:raw_copper":1,"minecraft:iron_leggings":5,"minecraft:cherry_boat":9,"minecraft:cobbled_deepslate":268,"minecraft:bucket":1,"minecraft:trial_key":3,"minecraft:iron_pickaxe":2,"minecraft:enchanted_golden_apple":2,"minecraft:melon_slice":50,"minecraft:furnace":7,"minecraft:golden_helmet":1,"minecraft:tipped_arrow":1,"minecraft:stick":192,"minecraft:composter":5,"minecraft:torch":63,"minecraft:acacia_log":30,"minecraft:porkchop":48,"minecraft:cherry_log":493,"minecraft:diorite":48,"minecraft:rotten_flesh":54,"minecraft:honey_bottle":1,"minecraft:obsidian":14,"minecraft:cobblestone":875,"minecraft:birch_log":23,"minecraft:enchanting_table":1,"minecraft:pink_petals":163,"minecraft:feather":13,"minecraft:cooked_beef":21,"minecraft:cherry_planks":468,"minecraft:water_bucket":5,"minecraft:andesite":34,"minecraft:brown_wool":3,"minecraft:potato":21,"minecraft:flint":7,"minecraft:tuff":10,"minecraft:lapis_lazuli":482,"minecraft:cherry_door":3,"minecraft:dirt":517,"minecraft:name_tag":4,"minecraft:bone":43,"minecraft:bow":6,"minecraft:stonecutter":1,"minecraft:wheat_seeds":307,"minecraft:raw_gold":112,"minecraft:grindstone":1,"minecraft:diamond_helmet":2,"minecraft:fletching_table":9,"minecraft:oak_planks":54,"minecraft:stone_hoe":7,"minecraft:sand":221,"minecraft:iron_hoe":1,"minecraft:bundle":1,"minecraft:diamond":86,"minecraft:crossbow":6,"minecraft:granite":38,"minecraft:breeze_rod":4,"minecraft:golden_apple":2,"minecraft:emerald":60,"minecraft:bread":4,"minecraft:oak_sapling":5,"minecraft:ominous_trial_key":3,"minecraft:diamond_pickaxe":5,"minecraft:crafting_table":10,"minecraft:ominous_bottle":1,"minecraft:splash_potion":2,"minecraft:chicken":12,"minecraft:golden_pickaxe":1,"minecraft:wooden_pickaxe":5,"minecraft:shield":6,"minecraft:wind_charge":35,"minecraft:red_bed":1,"minecraft:iron_axe":3,"minecraft:flint_and_steel":3,"minecraft:iron_shovel":2,"minecraft:cartography_table":2,"minecraft:beef":70,"minecraft:oak_boat":2,"minecraft:poppy":8,"minecraft:light_gray_wool":1,"minecraft:sugar_cane":40,"minecraft:chest":3,"minecraft:diamond_hoe":1,"minecraft:raw_iron":410,"minecraft:oak_door":1,"minecraft:copper_ingot":2,"minecraft:carrot":164,"minecraft:redstone":46,"minecraft:arrow":114,"minecraft:diamond_chestplate":1,"minecraft:beetroot_seeds":1,"minecraft:hay_block":30,"minecraft:flow_armor_trim_smithing_template":2,"minecraft:gold_ingot":53,"minecraft:tuff_bricks":1,"minecraft:mutton":69,"minecraft:white_wool":109,"minecraft:golden_carrot":6,"minecraft:glow_ink_sac":2,"minecraft:leather":29,"minecraft:oak_log":71,"minecraft:gunpowder":11,"minecraft:cooked_mutton":3,"minecraft:iron_ingot":193,"minecraft:stone_pickaxe":2,"minecraft:cooked_chicken":2,"minecraft:acacia_sapling":1,"minecraft:heavy_core":1,"minecraft:dandelion":4,"minecraft:spyglass":2,"minecraft:dripstone_block":8,"minecraft:gravel":52,"minecraft:amethyst_shard":35,"minecraft:blast_furnace":2,"minecraft:white_bed":5,"minecraft:spider_eye":4,"minecraft:diamond_shovel":2,"minecraft:slime_ball":179,"minecraft:stone_axe":2,"minecraft:iron_helmet":1,"minecraft:diamond_axe":3,"minecraft:cherry_sapling":45,"minecraft:baked_potato":15,"minecraft:coal":1178,"minecraft:ender_pearl":1},"minecraft:killed_by":{"minecraft:creeper":1,"minecraft:husk":3,"minecraft:player":2,"minecraft:stray":2,"minecraft:enderman":1,"minecraft:skeleton":3},"minecraft:killed":{"minecraft:witch":2,"minecraft:spider":16,"minecraft:skeleton":32,"minecraft:chicken":11,"minecraft:pig":15,"minecraft:iron_golem":3,"minecraft:creeper":18,"minecraft:sheep":29,"minecraft:zombie":78,"minecraft:stray":6,"minecraft:cow":31,"minecraft:slime":124,"minecraft:phantom":3,"minecraft:husk":8,"minecraft:breeze":3},"minecraft:used":{"minecraft:cherry_sapling":4,"minecraft:iron_shovel":107,"minecraft:diamond_hoe":42,"minecraft:chest":10,"minecraft:shield":120,"minecraft:iron_chestplate":1,"minecraft:mutton":3,"minecraft:carrot":47,"minecraft:tuff":4,"minecraft:obsidian":13,"minecraft:bow":91,"minecraft:ominous_bottle":1,"minecraft:furnace":20,"minecraft:diorite":2,"minecraft:stone_pickaxe":149,"minecraft:oak_planks":25,"minecraft:ender_pearl":1,"minecraft:wooden_pickaxe":21,"minecraft:composter":2,"minecraft:diamond_axe":804,"minecraft:sugar_cane":22,"minecraft:white_wool":20,"minecraft:blast_furnace":3,"minecraft:birch_fence":21,"minecraft:birch_fence_gate":1,"minecraft:bread":16,"minecraft:gravel":15,"minecraft:golden_helmet":1,"minecraft:diamond_sword":52,"minecraft:grindstone":1,"minecraft:smithing_table":4,"minecraft:andesite":3,"minecraft:oak_boat":3,"minecraft:bone_meal":18,"minecraft:golden_pickaxe":1,"minecraft:cherry_boat":10,"minecraft:enchanting_table":2,"minecraft:flint_and_steel":1,"minecraft:stone_shovel":31,"minecraft:cooked_chicken":4,"minecraft:trial_key":3,"minecraft:torch":184,"minecraft:dirt":169,"minecraft:granite":7,"minecraft:bookshelf":2,"minecraft:iron_axe":341,"minecraft:diamond_chestplate":1,"minecraft:golden_carrot":4,"minecraft:cooked_beef":30,"minecraft:cobbled_deepslate":62,"minecraft:wheat_seeds":49,"minecraft:cooked_mutton":36,"minecraft:water_bucket":39,"minecraft:baked_potato":9,"minecraft:cherry_planks":138,"minecraft:fletching_table":9,"minecraft:crafting_table":24,"minecraft:white_bed":4,"minecraft:oak_log":2,"minecraft:diamond_pickaxe":1562,"minecraft:ominous_trial_key":3,"minecraft:diamond_shovel":385,"minecraft:cherry_door":1,"minecraft:wind_charge":3,"minecraft:iron_pickaxe":456,"minecraft:stone_axe":83,"minecraft:pink_petals":152,"minecraft:cobblestone":234,"minecraft:potion":1,"minecraft:cooked_porkchop":9,"minecraft:porkchop":1,"minecraft:bucket":43},"minecraft:broken":{"minecraft:shield":2,"minecraft:iron_axe":1}},"DataVersion":3953}