{"stats":{"minecraft:dropped":{"minecraft:porkchop":5,"minecraft:diamond_axe":1,"minecraft:lapis_lazuli":2,"minecraft:cooked_beef":1,"minecraft:glow_ink_sac":2,"minecraft:golden_pickaxe":1,"minecraft:crossbow":3,"minecraft:leather":3,"minecraft:heavy_core":1,"minecraft:emerald":10,"minecraft:flint":1,"minecraft:red_bed":1,"minecraft:mutton":1,"minecraft:amethyst_shard":35,"minecraft:sand":64,"minecraft:iron_pickaxe":2,"minecraft:cherry_door":2,"minecraft:white_wool":7,"minecraft:gold_ingot":3,"minecraft:bone":3,"minecraft:oak_door":1,"minecraft:gravel":13,"minecraft:stone_axe":11,"minecraft:cherry_boat":2,"minecraft:spyglass":1,"minecraft:cobbled_deepslate":93,"minecraft:cherry_sapling":39,"minecraft:rotten_flesh":52,"minecraft:oak_planks":18,"minecraft:diamond_shovel":1,"minecraft:honey_bottle":1,"minecraft:chainmail_chestplate":1,"minecraft:poppy":7,"minecraft:beetroot_seeds":1,"minecraft:acacia_sapling":1,"minecraft:breeze_rod":4,"minecraft:arrow":1,"minecraft:stone_hoe":17,"minecraft:water_bucket":1,"minecraft:iron_ingot":32,"minecraft:bread":56,"minecraft:wheat_seeds":46,"minecraft:feather":7,"minecraft:iron_helmet":1,"minecraft:cobblestone":139,"minecraft:granite":11,"minecraft:acacia_log":2,"minecraft:chainmail_helmet":14,"minecraft:coal":16,"minecraft:stick":14,"minecraft:diorite":42,"minecraft:golden_carrot":1,"minecraft:brown_wool":2,"minecraft:cherry_planks":123,"minecraft:diamond_helmet":1,"minecraft:fire_charge":7,"minecraft:iron_axe":2,"minecraft:string":8,"minecraft:pink_petals":9,"minecraft:dandelion":3,"minecraft:tuff":6,"minecraft:diamond_hoe":3,"minecraft:stone_shovel":1,"minecraft:chicken":1,"minecraft:light_gray_wool":1,"minecraft:iron_boots":6,"minecraft:cherry_slab":5,"minecraft:flint_and_steel":2,"minecraft:bundle":1,"minecraft:andesite":30,"minecraft:oak_sapling":3,"minecraft:spider_eye":2,"minecraft:slime_ball":103,"minecraft:bow":2,"minecraft:stone_pickaxe":2,"minecraft:wooden_pickaxe":4},"minecraft:crafted":{"minecraft:grindstone":1,"minecraft:smooth_stone":10,"minecraft:oak_planks":788,"minecraft:chainmail_helmet":10,"minecraft:cobblestone_slab":126,"minecraft:cherry_slab":12,"minecraft:cooked_chicken":4,"minecraft:cherry_boat":5,"minecraft:stone":13,"minecraft:diamond_shovel":1,"minecraft:bookshelf":19,"minecraft:cooked_mutton":21,"minecraft:glass":128,"minecraft:diamond_helmet":1,"minecraft:diamond_leggings":1,"minecraft:bow":2,"minecraft:iron_boots":10,"minecraft:birch_fence_gate":1,"minecraft:chest":12,"minecraft:stone_hoe":10,"minecraft:arrow":240,"minecraft:emerald":174,"minecraft:cooked_porkchop":9,"minecraft:diamond_axe":3,"minecraft:crafting_table":19,"minecraft:baked_potato":7,"minecraft:wooden_pickaxe":3,"minecraft:chainmail_chestplate":2,"minecraft:smithing_table":2,"minecraft:fletching_table":1,"minecraft:birch_planks":68,"minecraft:apple":4,"minecraft:iron_chestplate":1,"minecraft:book":54,"minecraft:paper":180,"minecraft:diamond_pickaxe":4,"minecraft:shield":5,"minecraft:birch_fence":27,"minecraft:stick":4732,"minecraft:stone_slab":6,"minecraft:iron_ingot":172,"minecraft:iron_pickaxe":3,"minecraft:gold_ingot":3,"minecraft:composter":1,"minecraft:cherry_planks":1936,"minecraft:stone_shovel":1,"minecraft:diamond_hoe":3,"minecraft:furnace":16,"minecraft:blast_furnace":1,"minecraft:bone_meal":18,"minecraft:flint_and_steel":1,"minecraft:iron_axe":5,"minecraft:iron_hoe":1,"minecraft:stone_pickaxe":2,"minecraft:golden_helmet":1,"minecraft:wheat":135,"minecraft:cooked_beef":62,"minecraft:diamond_sword":2,"minecraft:enchanting_table":1,"minecraft:acacia_trapdoor":20,"minecraft:bucket":5,"minecraft:stone_axe":11,"minecraft:bread":161,"minecraft:air":0,"minecraft:oak_boat":2,"minecraft:golden_apple":2,"minecraft:iron_shovel":1,"minecraft:cherry_door":3,"minecraft:iron_leggings":1,"minecraft:acacia_planks":352,"minecraft:torch":304,"minecraft:diamond_chestplate":1},"minecraft:mined":{"minecraft:white_bed":7,"minecraft:farmland":4,"minecraft:cherry_log":423,"minecraft:brewing_stand":1,"minecraft:obsidian":15,"minecraft:granite":41,"minecraft:acacia_log":93,"minecraft:grass_block":989,"minecraft:composter":9,"minecraft:tuff_bricks":1,"minecraft:iron_ore":183,"minecraft:cobbled_deepslate":3,"minecraft:fletching_table":9,"minecraft:deepslate_lapis_ore":33,"minecraft:enchanting_table":1,"minecraft:pointed_dripstone":1,"minecraft:dirt_path":7,"minecraft:orange_bed":7,"minecraft:deepslate_redstone_ore":9,"minecraft:red_bed":3,"minecraft:melon_stem":1,"minecraft:torch":2,"minecraft:blast_furnace":4,"minecraft:melon":15,"minecraft:chest":3,"minecraft:glass":3,"minecraft:cobblestone":96,"minecraft:sugar_cane":102,"minecraft:grindstone":1,"minecraft:oak_planks":7,"minecraft:wall_torch":5,"minecraft:pink_petals":57,"minecraft:seagrass":1,"minecraft:birch_log":17,"minecraft:wheat":259,"minecraft:waxed_copper_block":1,"minecraft:cherry_door":1,"minecraft:oak_log":200,"minecraft:beetroots":1,"minecraft:acacia_fence":1,"minecraft:dirt":162,"minecraft:stonecutter":1,"minecraft:netherrack":2,"minecraft:oak_leaves":20,"minecraft:deepslate":434,"minecraft:yellow_terracotta":31,"minecraft:tuff":83,"minecraft:deepslate_diamond_ore":49,"minecraft:glow_lichen":1,"minecraft:decorated_pot":2,"minecraft:cartography_table":2,"minecraft:hay_block":15,"minecraft:furnace":7,"minecraft:carrots":18,"minecraft:acacia_stairs":44,"minecraft:andesite":32,"minecraft:bookshelf":1,"minecraft:potatoes":2,"minecraft:cobblestone_slab":9,"minecraft:deepslate_iron_ore":121,"minecraft:rail":1,"minecraft:stone":533,"minecraft:white_wool":1,"minecraft:smithing_table":4,"minecraft:acacia_leaves":4,"minecraft:glass_pane":3,"minecraft:cherry_planks":34,"minecraft:dandelion":1,"minecraft:oak_fence":2,"minecraft:crafting_table":7,"minecraft:short_grass":305,"minecraft:emerald_ore":1,"minecraft:tall_grass":31,"minecraft:lapis_ore":15,"minecraft:deepslate_gold_ore":92,"minecraft:sculk":15,"minecraft:diorite":55,"minecraft:coal_ore":343,"minecraft:acacia_door":1,"minecraft:cherry_leaves":18,"minecraft:gravel":39,"minecraft:dripstone_block":3,"minecraft:acacia_planks":28},"minecraft:custom":{"minecraft:animals_bred":68,"minecraft:interact_with_crafting_table":151,"minecraft:open_barrel":7,"minecraft:leave_game":8,"minecraft:time_since_death":301705,"minecraft:sprint_one_cm":1863231,"minecraft:damage_blocked_by_shield":8670,"minecraft:drop":245,"minecraft:talked_to_villager":178,"minecraft:play_time":609710,"minecraft:deaths":16,"minecraft:jump":15994,"minecraft:walk_on_water_one_cm":47304,"minecraft:enchant_item":3,"minecraft:interact_with_furnace":146,"minecraft:traded_with_villager":260,"minecraft:interact_with_cartography_table":2,"minecraft:sleep_in_bed":14,"minecraft:damage_dealt":56798,"minecraft:player_kills":2,"minecraft:crouch_one_cm":184491,"minecraft:interact_with_smoker":2,"minecraft:inspect_dispenser":5,"minecraft:horse_one_cm":36108,"minecraft:interact_with_smithing_table":6,"minecraft:mob_kills":478,"minecraft:climb_one_cm":4147,"minecraft:walk_one_cm":1739718,"minecraft:sneak_time":54193,"minecraft:walk_under_water_one_cm":23309,"minecraft:boat_one_cm":122899,"minecraft:interact_with_blast_furnace":1,"minecraft:total_world_time":609710,"minecraft:interact_with_grindstone":3,"minecraft:time_since_rest":34081,"minecraft:damage_taken":13519,"minecraft:swim_one_cm":79261,"minecraft:fly_one_cm":3059253,"minecraft:open_chest":263,"minecraft:fall_one_cm":495523},"minecraft:picked_up":{"minecraft:iron_chestplate":6,"minecraft:wheat":231,"minecraft:smithing_table":4,"minecraft:diamond_sword":2,"minecraft:potion":6,"minecraft:enchanted_book":4,"minecraft:brewing_stand":2,"minecraft:string":28,"minecraft:raw_copper":1,"minecraft:iron_leggings":5,"minecraft:cherry_boat":11,"minecraft:cobbled_deepslate":269,"minecraft:bucket":1,"minecraft:trial_key":3,"minecraft:cobblestone_slab":11,"minecraft:iron_pickaxe":2,"minecraft:enchanted_golden_apple":2,"minecraft:melon_slice":74,"minecraft:iron_boots":6,"minecraft:furnace":7,"minecraft:golden_helmet":1,"minecraft:tipped_arrow":1,"minecraft:stick":197,"minecraft:composter":9,"minecraft:torch":64,"minecraft:acacia_log":90,"minecraft:porkchop":48,"minecraft:cherry_log":493,"minecraft:diorite":48,"minecraft:orange_bed":7,"minecraft:rotten_flesh":97,"minecraft:honey_bottle":1,"minecraft:obsidian":14,"minecraft:cobblestone":889,"minecraft:birch_log":23,"minecraft:enchanting_table":1,"minecraft:pink_petals":163,"minecraft:feather":13,"minecraft:cooked_beef":21,"minecraft:cherry_planks":468,"minecraft:water_bucket":5,"minecraft:andesite":35,"minecraft:brown_wool":3,"minecraft:potato":21,"minecraft:flint":7,"minecraft:tuff":10,"minecraft:lapis_lazuli":482,"minecraft:cherry_door":3,"minecraft:dirt":1120,"minecraft:name_tag":4,"minecraft:bone":46,"minecraft:acacia_planks":2,"minecraft:bow":6,"minecraft:stonecutter":1,"minecraft:wheat_seeds":730,"minecraft:raw_gold":112,"minecraft:grindstone":1,"minecraft:diamond_helmet":2,"minecraft:fletching_table":9,"minecraft:oak_planks":54,"minecraft:stone_hoe":7,"minecraft:sand":221,"minecraft:iron_hoe":1,"minecraft:bundle":1,"minecraft:diamond":86,"minecraft:crossbow":6,"minecraft:granite":38,"minecraft:breeze_rod":4,"minecraft:golden_apple":2,"minecraft:chainmail_helmet":10,"minecraft:emerald":64,"minecraft:bread":4,"minecraft:oak_sapling":5,"minecraft:cherry_slab":5,"minecraft:ominous_trial_key":3,"minecraft:diamond_pickaxe":5,"minecraft:crafting_table":10,"minecraft:ominous_bottle":1,"minecraft:splash_potion":4,"minecraft:chicken":12,"minecraft:golden_pickaxe":1,"minecraft:wooden_pickaxe":5,"minecraft:shield":6,"minecraft:wind_charge":35,"minecraft:red_bed":4,"minecraft:iron_axe":3,"minecraft:flint_and_steel":3,"minecraft:iron_shovel":2,"minecraft:cartography_table":2,"minecraft:beef":159,"minecraft:oak_boat":3,"minecraft:poppy":8,"minecraft:light_gray_wool":1,"minecraft:sugar_cane":211,"minecraft:chest":3,"minecraft:diamond_hoe":1,"minecraft:raw_iron":410,"minecraft:oak_door":1,"minecraft:copper_ingot":2,"minecraft:carrot":165,"minecraft:redstone":46,"minecraft:arrow":118,"minecraft:diamond_chestplate":1,"minecraft:beetroot_seeds":1,"minecraft:hay_block":30,"minecraft:yellow_terracotta":31,"minecraft:flow_armor_trim_smithing_template":2,"minecraft:gold_ingot":53,"minecraft:tuff_bricks":1,"minecraft:mutton":69,"minecraft:white_wool":109,"minecraft:golden_carrot":6,"minecraft:glow_ink_sac":2,"minecraft:leather":68,"minecraft:oak_log":199,"minecraft:chainmail_chestplate":1,"minecraft:gunpowder":13,"minecraft:cooked_mutton":3,"minecraft:iron_ingot":193,"minecraft:stone_pickaxe":2,"minecraft:cooked_chicken":2,"minecraft:acacia_sapling":1,"minecraft:book":3,"minecraft:heavy_core":1,"minecraft:dandelion":4,"minecraft:spyglass":2,"minecraft:dripstone_block":8,"minecraft:gravel":52,"minecraft:amethyst_shard":35,"minecraft:blast_furnace":4,"minecraft:white_bed":8,"minecraft:spider_eye":7,"minecraft:diamond_shovel":2,"minecraft:slime_ball":179,"minecraft:stone_axe":2,"minecraft:iron_helmet":1,"minecraft:diamond_axe":3,"minecraft:cherry_sapling":45,"minecraft:baked_potato":15,"minecraft:melon_seeds":4,"minecraft:coal":1201,"minecraft:ender_pearl":1},"minecraft:killed_by":{"minecraft:creeper":1,"minecraft:husk":3,"minecraft:player":2,"minecraft:stray":2,"minecraft:enderman":1,"minecraft:skeleton":3},"minecraft:killed":{"minecraft:witch":2,"minecraft:spider":23,"minecraft:skeleton":38,"minecraft:chicken":11,"minecraft:pig":15,"minecraft:iron_golem":3,"minecraft:creeper":20,"minecraft:sheep":29,"minecraft:zombie":111,"minecraft:stray":6,"minecraft:cow":79,"minecraft:slime":124,"minecraft:phantom":3,"minecraft:husk":8,"minecraft:breeze":3},"minecraft:used":{"minecraft:cherry_sapling":4,"minecraft:iron_shovel":107,"minecraft:diamond_hoe":426,"minecraft:chest":14,"minecraft:shield":126,"minecraft:iron_chestplate":1,"minecraft:mutton":3,"minecraft:carrot":47,"minecraft:tuff":4,"minecraft:obsidian":13,"minecraft:glass":128,"minecraft:bow":92,"minecraft:ominous_bottle":1,"minecraft:furnace":20,"minecraft:diorite":2,"minecraft:acacia_trapdoor":4,"minecraft:stone_pickaxe":149,"minecraft:oak_planks":28,"minecraft:ender_pearl":1,"minecraft:wooden_pickaxe":21,"minecraft:composter":7,"minecraft:diamond_axe":1264,"minecraft:sugar_cane":30,"minecraft:white_wool":20,"minecraft:blast_furnace":4,"minecraft:birch_fence":21,"minecraft:birch_fence_gate":1,"minecraft:bread":32,"minecraft:gravel":15,"minecraft:golden_helmet":1,"minecraft:diamond_sword":52,"minecraft:grindstone":1,"minecraft:smithing_table":6,"minecraft:andesite":3,"minecraft:oak_boat":5,"minecraft:bone_meal":18,"minecraft:golden_pickaxe":1,"minecraft:cherry_boat":13,"minecraft:enchanting_table":2,"minecraft:flint_and_steel":1,"minecraft:stone_shovel":31,"minecraft:cooked_chicken":4,"minecraft:trial_key":3,"minecraft:orange_bed":7,"minecraft:torch":201,"minecraft:dirt":455,"minecraft:wheat":1,"minecraft:granite":7,"minecraft:bookshelf":19,"minecraft:iron_axe":341,"minecraft:diamond_chestplate":1,"minecraft:golden_carrot":4,"minecraft:acacia_planks":38,"minecraft:cooked_beef":53,"minecraft:cobbled_deepslate":62,"minecraft:wheat_seeds":478,"minecraft:cooked_mutton":36,"minecraft:water_bucket":62,"minecraft:baked_potato":9,"minecraft:cherry_planks":138,"minecraft:fletching_table":9,"minecraft:cobblestone_slab":73,"minecraft:crafting_table":24,"minecraft:red_bed":3,"minecraft:white_bed":7,"minecraft:oak_log":2,"minecraft:diamond_pickaxe":1649,"minecraft:ominous_trial_key":3,"minecraft:diamond_shovel":1062,"minecraft:cherry_door":1,"minecraft:wind_charge":3,"minecraft:iron_pickaxe":456,"minecraft:stone_axe":83,"minecraft:pink_petals":152,"minecraft:cobblestone":236,"minecraft:potion":1,"minecraft:cooked_porkchop":9,"minecraft:porkchop":1,"minecraft:bucket":66,"minecraft:splash_potion":2},"minecraft:broken":{"minecraft:shield":2,"minecraft:iron_axe":1}},"DataVersion":3953}