{"stats":{"minecraft:dropped":{"minecraft:porkchop":5,"minecraft:diamond_axe":4,"minecraft:lapis_lazuli":2,"minecraft:cooked_beef":1,"minecraft:oak_log":4,"minecraft:glow_ink_sac":2,"minecraft:golden_pickaxe":1,"minecraft:crossbow":3,"minecraft:leather":3,"minecraft:heavy_core":1,"minecraft:emerald":10,"minecraft:flint":1,"minecraft:dirt":7,"minecraft:red_bed":1,"minecraft:mutton":1,"minecraft:cherry_leaves":1,"minecraft:cherry_button":64,"minecraft:amethyst_shard":35,"minecraft:sand":64,"minecraft:iron_pickaxe":3,"minecraft:cherry_door":2,"minecraft:white_wool":7,"minecraft:gold_ingot":3,"minecraft:bone":3,"minecraft:oak_door":1,"minecraft:gravel":13,"minecraft:stone_axe":11,"minecraft:cherry_boat":2,"minecraft:spyglass":1,"minecraft:cobbled_deepslate":94,"minecraft:cherry_sapling":39,"minecraft:rotten_flesh":56,"minecraft:oak_planks":18,"minecraft:diamond_shovel":1,"minecraft:honey_bottle":1,"minecraft:chainmail_chestplate":1,"minecraft:poppy":7,"minecraft:beetroot_seeds":1,"minecraft:leather_boots":1,"minecraft:acacia_sapling":1,"minecraft:breeze_rod":4,"minecraft:arrow":1,"minecraft:oak_leaves":3,"minecraft:netherrack":9,"minecraft:stone_hoe":17,"minecraft:water_bucket":1,"minecraft:iron_ingot":32,"minecraft:bread":56,"minecraft:wheat_seeds":48,"minecraft:diamond_leggings":4,"minecraft:feather":7,"minecraft:cobblestone":139,"minecraft:iron_helmet":1,"minecraft:granite":11,"minecraft:acacia_log":39,"minecraft:chainmail_helmet":14,"minecraft:coal":16,"minecraft:stick":16,"minecraft:diorite":42,"minecraft:golden_carrot":1,"minecraft:brown_wool":2,"minecraft:cherry_planks":123,"minecraft:diamond_helmet":2,"minecraft:fire_charge":7,"minecraft:iron_axe":27,"minecraft:chainmail_leggings":12,"minecraft:string":8,"minecraft:pink_petals":9,"minecraft:dandelion":3,"minecraft:tuff":6,"minecraft:diamond_hoe":3,"minecraft:raw_iron":64,"minecraft:stone_shovel":1,"minecraft:chicken":1,"minecraft:light_gray_wool":1,"minecraft:iron_boots":16,"minecraft:cherry_slab":5,"minecraft:acacia_leaves":1,"minecraft:flint_and_steel":2,"minecraft:diamond_sword":1,"minecraft:diamond_chestplate":2,"minecraft:bundle":1,"minecraft:diamond_pickaxe":1,"minecraft:andesite":30,"minecraft:oak_sapling":3,"minecraft:spider_eye":2,"minecraft:slime_ball":103,"minecraft:diamond_boots":4,"minecraft:stone_pickaxe":2,"minecraft:birch_boat":1,"minecraft:bow":2,"minecraft:wooden_pickaxe":4},"minecraft:crafted":{"minecraft:grindstone":1,"minecraft:smooth_stone":10,"minecraft:oak_planks":788,"minecraft:chainmail_helmet":10,"minecraft:cobblestone_slab":126,"minecraft:cherry_slab":12,"minecraft:cooked_chicken":4,"minecraft:cherry_boat":5,"minecraft:stone":16,"minecraft:diamond_shovel":2,"minecraft:bookshelf":19,"minecraft:cooked_mutton":21,"minecraft:glass":128,"minecraft:diamond_helmet":4,"minecraft:diamond_leggings":7,"minecraft:bow":2,"minecraft:iron_boots":20,"minecraft:birch_fence_gate":1,"minecraft:chest":13,"minecraft:rail":32,"minecraft:stone_hoe":10,"minecraft:arrow":240,"minecraft:emerald":272,"minecraft:cooked_porkchop":9,"minecraft:diamond_axe":5,"minecraft:crafting_table":20,"minecraft:wooden_pickaxe":3,"minecraft:baked_potato":7,"minecraft:cherry_button":212,"minecraft:chainmail_chestplate":2,"minecraft:smithing_table":2,"minecraft:fletching_table":1,"minecraft:birch_planks":68,"minecraft:apple":4,"minecraft:iron_chestplate":1,"minecraft:book":54,"minecraft:paper":180,"minecraft:diamond_pickaxe":6,"minecraft:shield":5,"minecraft:birch_fence":27,"minecraft:stick":4820,"minecraft:stone_slab":6,"minecraft:iron_ingot":231,"minecraft:iron_pickaxe":3,"minecraft:gold_ingot":3,"minecraft:composter":1,"minecraft:cherry_planks":2212,"minecraft:stone_shovel":1,"minecraft:diamond_hoe":3,"minecraft:furnace":16,"minecraft:blast_furnace":1,"minecraft:bone_meal":18,"minecraft:flint_and_steel":2,"minecraft:iron_axe":25,"minecraft:iron_hoe":1,"minecraft:stone_pickaxe":2,"minecraft:diamond_boots":5,"minecraft:netherite_scrap":5,"minecraft:golden_helmet":1,"minecraft:chainmail_leggings":12,"minecraft:observer":4,"minecraft:wheat":135,"minecraft:cooked_beef":80,"minecraft:diamond_sword":5,"minecraft:enchanting_table":1,"minecraft:bell":4,"minecraft:acacia_trapdoor":20,"minecraft:bucket":5,"minecraft:stone_axe":11,"minecraft:acacia_boat":1,"minecraft:bread":161,"minecraft:air":0,"minecraft:oak_boat":2,"minecraft:golden_apple":2,"minecraft:acacia_sign":3,"minecraft:iron_shovel":1,"minecraft:cherry_door":3,"minecraft:iron_leggings":1,"minecraft:acacia_planks":480,"minecraft:torch":304,"minecraft:diamond_chestplate":5},"minecraft:mined":{"minecraft:white_bed":7,"minecraft:farmland":4,"minecraft:cherry_log":491,"minecraft:brewing_stand":1,"minecraft:obsidian":15,"minecraft:granite":42,"minecraft:acacia_log":100,"minecraft:grass_block":1056,"minecraft:soul_soil":6,"minecraft:composter":9,"minecraft:tuff_bricks":1,"minecraft:spawner":3,"minecraft:fire":1,"minecraft:iron_ore":239,"minecraft:cobbled_deepslate":9,"minecraft:deepslate_lapis_ore":36,"minecraft:fletching_table":9,"minecraft:enchanting_table":1,"minecraft:pointed_dripstone":1,"minecraft:dirt_path":7,"minecraft:orange_bed":7,"minecraft:deepslate_redstone_ore":30,"minecraft:red_bed":3,"minecraft:blackstone":155,"minecraft:melon_stem":1,"minecraft:torch":2,"minecraft:blast_furnace":5,"minecraft:melon":15,"minecraft:chest":3,"minecraft:nether_quartz_ore":119,"minecraft:glass":3,"minecraft:cobblestone":100,"minecraft:grindstone":1,"minecraft:sugar_cane":102,"minecraft:oak_planks":8,"minecraft:wall_torch":5,"minecraft:pink_petals":58,"minecraft:seagrass":1,"minecraft:birch_log":17,"minecraft:wheat":259,"minecraft:cherry_door":1,"minecraft:waxed_copper_block":1,"minecraft:oak_log":204,"minecraft:beetroots":1,"minecraft:acacia_fence":1,"minecraft:dirt":216,"minecraft:stonecutter":1,"minecraft:ancient_debris":5,"minecraft:netherrack":4427,"minecraft:oak_leaves":23,"minecraft:deepslate":547,"minecraft:nether_gold_ore":30,"minecraft:yellow_terracotta":31,"minecraft:tuff":91,"minecraft:deepslate_diamond_ore":83,"minecraft:glow_lichen":1,"minecraft:decorated_pot":2,"minecraft:cartography_table":2,"minecraft:hay_block":15,"minecraft:furnace":7,"minecraft:carrots":18,"minecraft:acacia_stairs":44,"minecraft:andesite":34,"minecraft:bell":4,"minecraft:bookshelf":1,"minecraft:potatoes":2,"minecraft:cobblestone_slab":9,"minecraft:deepslate_iron_ore":152,"minecraft:rail":10,"minecraft:stone":652,"minecraft:white_wool":1,"minecraft:smithing_table":4,"minecraft:acacia_leaves":5,"minecraft:glass_pane":3,"minecraft:cherry_planks":34,"minecraft:soul_sand":34,"minecraft:basalt":23,"minecraft:observer":2,"minecraft:dandelion":1,"minecraft:oak_fence":2,"minecraft:crafting_table":7,"minecraft:short_grass":325,"minecraft:emerald_ore":1,"minecraft:tall_grass":32,"minecraft:deepslate_gold_ore":133,"minecraft:lapis_ore":20,"minecraft:sculk":15,"minecraft:diorite":59,"minecraft:bee_nest":1,"minecraft:coal_ore":430,"minecraft:cherry_leaves":19,"minecraft:acacia_door":1,"minecraft:gravel":41,"minecraft:dripstone_block":3,"minecraft:cobweb":18,"minecraft:acacia_planks":30,"minecraft:gold_ore":3},"minecraft:custom":{"minecraft:animals_bred":68,"minecraft:interact_with_crafting_table":172,"minecraft:open_barrel":7,"minecraft:leave_game":9,"minecraft:time_since_death":486056,"minecraft:sprint_one_cm":2419517,"minecraft:damage_blocked_by_shield":9857,"minecraft:drop":334,"minecraft:talked_to_villager":243,"minecraft:play_time":794061,"minecraft:deaths":16,"minecraft:jump":20495,"minecraft:walk_on_water_one_cm":64596,"minecraft:enchant_item":10,"minecraft:interact_with_furnace":174,"minecraft:traded_with_villager":423,"minecraft:interact_with_cartography_table":2,"minecraft:sleep_in_bed":17,"minecraft:damage_dealt":67626,"minecraft:player_kills":2,"minecraft:crouch_one_cm":237083,"minecraft:interact_with_smoker":2,"minecraft:inspect_dispenser":5,"minecraft:horse_one_cm":36108,"minecraft:interact_with_smithing_table":6,"minecraft:mob_kills":567,"minecraft:interact_with_anvil":3,"minecraft:climb_one_cm":4568,"minecraft:walk_one_cm":2232214,"minecraft:sneak_time":68417,"minecraft:walk_under_water_one_cm":26589,"minecraft:boat_one_cm":136649,"minecraft:interact_with_blast_furnace":14,"minecraft:total_world_time":794061,"minecraft:interact_with_grindstone":5,"minecraft:time_since_rest":6840,"minecraft:damage_taken":15836,"minecraft:swim_one_cm":85314,"minecraft:fly_one_cm":3959307,"minecraft:open_chest":445,"minecraft:fall_one_cm":632337},"minecraft:picked_up":{"minecraft:iron_chestplate":6,"minecraft:wheat":231,"minecraft:smithing_table":4,"minecraft:diamond_sword":2,"minecraft:potion":6,"minecraft:enchanted_book":4,"minecraft:brewing_stand":2,"minecraft:string":56,"minecraft:raw_copper":1,"minecraft:soul_soil":6,"minecraft:iron_leggings":5,"minecraft:cherry_boat":12,"minecraft:gold_nugget":126,"minecraft:cobbled_deepslate":381,"minecraft:bucket":1,"minecraft:trial_key":3,"minecraft:cobblestone_slab":11,"minecraft:iron_pickaxe":2,"minecraft:enchanted_golden_apple":2,"minecraft:melon_slice":74,"minecraft:furnace":7,"minecraft:iron_boots":6,"minecraft:tipped_arrow":1,"minecraft:golden_helmet":1,"minecraft:stick":197,"minecraft:composter":9,"minecraft:torch":64,"minecraft:acacia_log":159,"minecraft:porkchop":48,"minecraft:cherry_log":562,"minecraft:diorite":52,"minecraft:orange_bed":7,"minecraft:rotten_flesh":112,"minecraft:honey_bottle":1,"minecraft:obsidian":14,"minecraft:cobblestone":964,"minecraft:birch_log":23,"minecraft:enchanting_table":1,"minecraft:pink_petals":163,"minecraft:feather":13,"minecraft:cooked_beef":21,"minecraft:cherry_planks":468,"minecraft:cherry_leaves":1,"minecraft:water_bucket":5,"minecraft:andesite":37,"minecraft:acacia_leaves":1,"minecraft:brown_wool":3,"minecraft:potato":21,"minecraft:flint":8,"minecraft:tuff":16,"minecraft:lapis_lazuli":573,"minecraft:cherry_door":3,"minecraft:dirt":1224,"minecraft:name_tag":4,"minecraft:leather_boots":1,"minecraft:bone":48,"minecraft:acacia_planks":4,"minecraft:bow":6,"minecraft:stonecutter":1,"minecraft:wheat_seeds":733,"minecraft:raw_gold":199,"minecraft:bell":4,"minecraft:grindstone":1,"minecraft:diamond_helmet":2,"minecraft:fletching_table":9,"minecraft:stone_hoe":7,"minecraft:oak_planks":55,"minecraft:ghast_tear":1,"minecraft:sand":221,"minecraft:iron_hoe":1,"minecraft:bundle":1,"minecraft:diamond":144,"minecraft:breeze_rod":4,"minecraft:crossbow":6,"minecraft:granite":39,"minecraft:oak_leaves":3,"minecraft:golden_apple":2,"minecraft:emerald":88,"minecraft:chainmail_helmet":10,"minecraft:bread":4,"minecraft:oak_sapling":5,"minecraft:cherry_slab":5,"minecraft:netherrack":396,"minecraft:ominous_trial_key":3,"minecraft:diamond_pickaxe":5,"minecraft:crafting_table":10,"minecraft:bee_nest":1,"minecraft:splash_potion":4,"minecraft:ominous_bottle":1,"minecraft:chicken":12,"minecraft:golden_pickaxe":1,"minecraft:wooden_pickaxe":5,"minecraft:shield":6,"minecraft:wind_charge":35,"minecraft:red_bed":4,"minecraft:iron_axe":13,"minecraft:flint_and_steel":3,"minecraft:iron_shovel":2,"minecraft:blackstone":64,"minecraft:cartography_table":2,"minecraft:beef":159,"minecraft:oak_boat":3,"minecraft:observer":2,"minecraft:poppy":8,"minecraft:light_gray_wool":1,"minecraft:sugar_cane":211,"minecraft:chest":3,"minecraft:phantom_membrane":1,"minecraft:diamond_hoe":1,"minecraft:raw_iron":563,"minecraft:stone":34,"minecraft:oak_door":1,"minecraft:copper_ingot":2,"minecraft:carrot":165,"minecraft:redstone":145,"minecraft:arrow":188,"minecraft:diamond_chestplate":1,"minecraft:beetroot_seeds":1,"minecraft:hay_block":30,"minecraft:yellow_terracotta":31,"minecraft:gold_ingot":53,"minecraft:flow_armor_trim_smithing_template":2,"minecraft:tuff_bricks":1,"minecraft:mutton":69,"minecraft:rail":10,"minecraft:white_wool":109,"minecraft:basalt":23,"minecraft:golden_carrot":6,"minecraft:glow_ink_sac":4,"minecraft:leather":68,"minecraft:oak_log":203,"minecraft:chainmail_chestplate":1,"minecraft:ancient_debris":5,"minecraft:gunpowder":20,"minecraft:cooked_mutton":3,"minecraft:iron_ingot":193,"minecraft:stone_pickaxe":2,"minecraft:cooked_chicken":2,"minecraft:acacia_sapling":1,"minecraft:book":3,"minecraft:birch_boat":2,"minecraft:heavy_core":1,"minecraft:quartz":171,"minecraft:dandelion":4,"minecraft:spyglass":2,"minecraft:dripstone_block":8,"minecraft:gravel":52,"minecraft:amethyst_shard":35,"minecraft:blast_furnace":5,"minecraft:white_bed":8,"minecraft:spider_eye":11,"minecraft:diamond_shovel":2,"minecraft:slime_ball":179,"minecraft:stone_axe":2,"minecraft:chainmail_leggings":3,"minecraft:iron_helmet":1,"minecraft:diamond_axe":5,"minecraft:cherry_sapling":45,"minecraft:baked_potato":15,"minecraft:melon_seeds":4,"minecraft:coal":1345,"minecraft:ender_pearl":2},"minecraft:killed_by":{"minecraft:creeper":1,"minecraft:husk":3,"minecraft:player":2,"minecraft:stray":2,"minecraft:enderman":1,"minecraft:skeleton":3},"minecraft:killed":{"minecraft:cave_spider":1,"minecraft:witch":3,"minecraft:spider":34,"minecraft:skeleton":49,"minecraft:chicken":11,"minecraft:magma_cube":20,"minecraft:piglin":3,"minecraft:pig":15,"minecraft:iron_golem":3,"minecraft:creeper":24,"minecraft:sheep":29,"minecraft:zombie":142,"minecraft:ghast":3,"minecraft:stray":6,"minecraft:cow":79,"minecraft:slime":124,"minecraft:phantom":4,"minecraft:husk":8,"minecraft:breeze":3,"minecraft:enderman":2},"minecraft:used":{"minecraft:cherry_sapling":4,"minecraft:iron_shovel":107,"minecraft:diamond_hoe":426,"minecraft:chest":15,"minecraft:shield":137,"minecraft:stone":21,"minecraft:bell":8,"minecraft:iron_chestplate":1,"minecraft:mutton":3,"minecraft:carrot":47,"minecraft:tuff":4,"minecraft:obsidian":23,"minecraft:glass":128,"minecraft:cherry_button":128,"minecraft:bow":160,"minecraft:ominous_bottle":1,"minecraft:furnace":20,"minecraft:diorite":2,"minecraft:acacia_trapdoor":4,"minecraft:stone_pickaxe":149,"minecraft:oak_planks":66,"minecraft:ender_pearl":2,"minecraft:wooden_pickaxe":21,"minecraft:composter":7,"minecraft:sugar_cane":30,"minecraft:diamond_axe":1377,"minecraft:white_wool":20,"minecraft:blast_furnace":6,"minecraft:birch_fence":21,"minecraft:birch_fence_gate":1,"minecraft:bread":65,"minecraft:gravel":15,"minecraft:golden_helmet":1,"minecraft:diamond_sword":202,"minecraft:grindstone":1,"minecraft:smithing_table":6,"minecraft:andesite":5,"minecraft:oak_boat":5,"minecraft:bone_meal":18,"minecraft:golden_pickaxe":1,"minecraft:cherry_boat":14,"minecraft:enchanting_table":2,"minecraft:flint_and_steel":2,"minecraft:stone_shovel":31,"minecraft:cooked_chicken":4,"minecraft:netherrack":99,"minecraft:trial_key":3,"minecraft:orange_bed":7,"minecraft:torch":201,"minecraft:dirt":564,"minecraft:wheat":1,"minecraft:bee_nest":1,"minecraft:granite":7,"minecraft:bookshelf":19,"minecraft:iron_axe":341,"minecraft:diamond_chestplate":1,"minecraft:golden_carrot":4,"minecraft:acacia_planks":66,"minecraft:cooked_beef":72,"minecraft:cobbled_deepslate":378,"minecraft:observer":6,"minecraft:wheat_seeds":478,"minecraft:cooked_mutton":36,"minecraft:acacia_boat":1,"minecraft:water_bucket":63,"minecraft:baked_potato":9,"minecraft:birch_boat":1,"minecraft:cherry_planks":138,"minecraft:fletching_table":9,"minecraft:cobblestone_slab":73,"minecraft:rail":26,"minecraft:crafting_table":25,"minecraft:red_bed":3,"minecraft:white_bed":7,"minecraft:oak_log":2,"minecraft:diamond_pickaxe":6968,"minecraft:acacia_sign":2,"minecraft:diamond_shovel":1225,"minecraft:ominous_trial_key":3,"minecraft:cherry_door":1,"minecraft:wind_charge":3,"minecraft:iron_pickaxe":456,"minecraft:stone_axe":83,"minecraft:pink_petals":152,"minecraft:cobblestone":275,"minecraft:potion":1,"minecraft:porkchop":1,"minecraft:cooked_porkchop":9,"minecraft:bucket":67,"minecraft:splash_potion":2},"minecraft:broken":{"minecraft:shield":2,"minecraft:iron_axe":1}},"DataVersion":3953}