{"stats":{"minecraft:killed":{"minecraft:witch":2,"minecraft:spider":9,"minecraft:skeleton":19,"minecraft:chicken":8,"minecraft:pig":15,"minecraft:iron_golem":2,"minecraft:creeper":11,"minecraft:sheep":27,"minecraft:zombie":26,"minecraft:stray":6,"minecraft:cow":8,"minecraft:slime":109,"minecraft:husk":8,"minecraft:breeze":3},"minecraft:killed_by":{"minecraft:creeper":1,"minecraft:husk":3,"minecraft:player":2,"minecraft:stray":2,"minecraft:enderman":1,"minecraft:skeleton":3},"minecraft:crafted":{"minecraft:oak_planks":100,"minecraft:cherry_boat":1,"minecraft:cooked_mutton":12,"minecraft:diamond_helmet":1,"minecraft:diamond_leggings":1,"minecraft:bow":1,"minecraft:birch_fence_gate":1,"minecraft:chest":4,"minecraft:arrow":64,"minecraft:emerald":89,"minecraft:diamond_axe":3,"minecraft:crafting_table":15,"minecraft:wooden_pickaxe":3,"minecraft:baked_potato":7,"minecraft:smithing_table":1,"minecraft:fletching_table":1,"minecraft:birch_planks":68,"minecraft:iron_chestplate":1,"minecraft:diamond_pickaxe":3,"minecraft:shield":3,"minecraft:birch_fence":27,"minecraft:stick":2700,"minecraft:iron_ingot":50,"minecraft:iron_pickaxe":3,"minecraft:gold_ingot":3,"minecraft:cherry_planks":1616,"minecraft:diamond_hoe":3,"minecraft:furnace":6,"minecraft:flint_and_steel":1,"minecraft:iron_axe":5,"minecraft:iron_hoe":1,"minecraft:stone_pickaxe":2,"minecraft:golden_helmet":1,"minecraft:wheat":135,"minecraft:diamond_sword":1,"minecraft:bucket":2,"minecraft:stone_axe":11,"minecraft:bread":45,"minecraft:air":0,"minecraft:oak_boat":1,"minecraft:iron_shovel":1,"minecraft:cherry_door":3,"minecraft:iron_leggings":1,"minecraft:torch":180,"minecraft:diamond_chestplate":1},"minecraft:mined":{"minecraft:white_bed":4,"minecraft:cherry_log":423,"minecraft:brewing_stand":1,"minecraft:obsidian":15,"minecraft:granite":5,"minecraft:acacia_log":5,"minecraft:grass_block":55,"minecraft:composter":3,"minecraft:tuff_bricks":1,"minecraft:iron_ore":140,"minecraft:cobbled_deepslate":2,"minecraft:fletching_table":5,"minecraft:deepslate_lapis_ore":21,"minecraft:pointed_dripstone":1,"minecraft:dirt_path":7,"minecraft:deepslate_redstone_ore":9,"minecraft:chest":3,"minecraft:cobblestone":27,"minecraft:oak_planks":7,"minecraft:sugar_cane":1,"minecraft:wall_torch":4,"minecraft:pink_petals":57,"minecraft:seagrass":1,"minecraft:birch_log":17,"minecraft:wheat":31,"minecraft:cherry_door":1,"minecraft:waxed_copper_block":1,"minecraft:oak_log":67,"minecraft:beetroots":1,"minecraft:dirt":16,"minecraft:netherrack":2,"minecraft:oak_leaves":10,"minecraft:deepslate":207,"minecraft:tuff":36,"minecraft:deepslate_diamond_ore":36,"minecraft:glow_lichen":1,"minecraft:decorated_pot":2,"minecraft:hay_block":15,"minecraft:furnace":7,"minecraft:carrots":18,"minecraft:andesite":3,"minecraft:potatoes":2,"minecraft:deepslate_iron_ore":55,"minecraft:rail":1,"minecraft:stone":250,"minecraft:white_wool":1,"minecraft:smithing_table":1,"minecraft:cherry_planks":34,"minecraft:oak_fence":2,"minecraft:crafting_table":7,"minecraft:short_grass":73,"minecraft:emerald_ore":1,"minecraft:tall_grass":15,"minecraft:deepslate_gold_ore":64,"minecraft:lapis_ore":6,"minecraft:sculk":15,"minecraft:diorite":6,"minecraft:coal_ore":284,"minecraft:cherry_leaves":18,"minecraft:dripstone_block":3,"minecraft:gravel":37},"minecraft:used":{"minecraft:cherry_sapling":4,"minecraft:iron_shovel":107,"minecraft:chest":6,"minecraft:shield":81,"minecraft:iron_chestplate":1,"minecraft:mutton":3,"minecraft:carrot":47,"minecraft:tuff":4,"minecraft:obsidian":13,"minecraft:bow":88,"minecraft:ominous_bottle":1,"minecraft:furnace":10,"minecraft:diorite":2,"minecraft:stone_pickaxe":149,"minecraft:oak_planks":25,"minecraft:ender_pearl":1,"minecraft:wooden_pickaxe":21,"minecraft:diamond_axe":468,"minecraft:white_wool":20,"minecraft:birch_fence":21,"minecraft:birch_fence_gate":1,"minecraft:bread":12,"minecraft:gravel":15,"minecraft:golden_helmet":1,"minecraft:diamond_sword":52,"minecraft:smithing_table":2,"minecraft:andesite":3,"minecraft:oak_boat":3,"minecraft:golden_pickaxe":1,"minecraft:cherry_boat":4,"minecraft:flint_and_steel":1,"minecraft:trial_key":3,"minecraft:torch":111,"minecraft:dirt":20,"minecraft:iron_axe":341,"minecraft:diamond_chestplate":1,"minecraft:golden_carrot":4,"minecraft:cooked_beef":14,"minecraft:cobbled_deepslate":61,"minecraft:cooked_mutton":27,"minecraft:water_bucket":19,"minecraft:baked_potato":9,"minecraft:cherry_planks":138,"minecraft:fletching_table":5,"minecraft:crafting_table":20,"minecraft:white_bed":4,"minecraft:oak_log":2,"minecraft:diamond_pickaxe":603,"minecraft:ominous_trial_key":3,"minecraft:diamond_shovel":2,"minecraft:cherry_door":1,"minecraft:wind_charge":3,"minecraft:iron_pickaxe":456,"minecraft:pink_petals":152,"minecraft:stone_axe":83,"minecraft:cobblestone":68,"minecraft:potion":1,"minecraft:bucket":21},"minecraft:dropped":{"minecraft:porkchop":5,"minecraft:diamond_axe":1,"minecraft:lapis_lazuli":2,"minecraft:cooked_beef":1,"minecraft:glow_ink_sac":2,"minecraft:golden_pickaxe":1,"minecraft:crossbow":3,"minecraft:leather":3,"minecraft:heavy_core":1,"minecraft:flint":1,"minecraft:red_bed":1,"minecraft:mutton":1,"minecraft:amethyst_shard":35,"minecraft:sand":64,"minecraft:iron_pickaxe":2,"minecraft:cherry_door":2,"minecraft:white_wool":5,"minecraft:gold_ingot":3,"minecraft:oak_door":1,"minecraft:gravel":13,"minecraft:stone_axe":11,"minecraft:cherry_boat":2,"minecraft:spyglass":1,"minecraft:cobbled_deepslate":88,"minecraft:cherry_sapling":39,"minecraft:rotten_flesh":11,"minecraft:oak_planks":18,"minecraft:diamond_shovel":1,"minecraft:honey_bottle":1,"minecraft:poppy":1,"minecraft:beetroot_seeds":1,"minecraft:breeze_rod":4,"minecraft:arrow":1,"minecraft:water_bucket":1,"minecraft:iron_ingot":32,"minecraft:bread":3,"minecraft:wheat_seeds":13,"minecraft:iron_helmet":1,"minecraft:feather":7,"minecraft:cobblestone":64,"minecraft:acacia_log":2,"minecraft:stick":12,"minecraft:diorite":2,"minecraft:golden_carrot":1,"minecraft:brown_wool":2,"minecraft:cherry_planks":83,"minecraft:diamond_helmet":1,"minecraft:fire_charge":7,"minecraft:iron_axe":2,"minecraft:string":5,"minecraft:pink_petals":9,"minecraft:tuff":3,"minecraft:diamond_hoe":2,"minecraft:chicken":1,"minecraft:light_gray_wool":1,"minecraft:flint_and_steel":2,"minecraft:bundle":1,"minecraft:andesite":3,"minecraft:oak_sapling":3,"minecraft:spider_eye":2,"minecraft:slime_ball":103,"minecraft:bow":2,"minecraft:stone_pickaxe":2,"minecraft:wooden_pickaxe":4},"minecraft:picked_up":{"minecraft:iron_chestplate":6,"minecraft:wheat":44,"minecraft:smithing_table":1,"minecraft:diamond_sword":2,"minecraft:enchanted_book":4,"minecraft:potion":6,"minecraft:brewing_stand":2,"minecraft:string":10,"minecraft:iron_leggings":5,"minecraft:cherry_boat":5,"minecraft:cobbled_deepslate":160,"minecraft:bucket":1,"minecraft:trial_key":3,"minecraft:iron_pickaxe":2,"minecraft:enchanted_golden_apple":2,"minecraft:furnace":6,"minecraft:tipped_arrow":1,"minecraft:golden_helmet":1,"minecraft:stick":190,"minecraft:composter":3,"minecraft:torch":58,"minecraft:acacia_log":2,"minecraft:porkchop":48,"minecraft:cherry_log":493,"minecraft:diorite":8,"minecraft:honey_bottle":1,"minecraft:rotten_flesh":24,"minecraft:obsidian":14,"minecraft:cobblestone":465,"minecraft:birch_log":23,"minecraft:pink_petals":163,"minecraft:feather":13,"minecraft:cooked_beef":21,"minecraft:cherry_planks":416,"minecraft:water_bucket":5,"minecraft:andesite":7,"minecraft:brown_wool":3,"minecraft:potato":21,"minecraft:flint":7,"minecraft:tuff":7,"minecraft:lapis_lazuli":356,"minecraft:cherry_door":3,"minecraft:dirt":79,"minecraft:name_tag":4,"minecraft:bone":35,"minecraft:bow":6,"minecraft:wheat_seeds":100,"minecraft:raw_gold":84,"minecraft:fletching_table":5,"minecraft:diamond_helmet":2,"minecraft:oak_planks":54,"minecraft:sand":221,"minecraft:iron_hoe":1,"minecraft:bundle":1,"minecraft:diamond":73,"minecraft:breeze_rod":4,"minecraft:crossbow":6,"minecraft:granite":3,"minecraft:golden_apple":2,"minecraft:emerald":60,"minecraft:bread":4,"minecraft:oak_sapling":5,"minecraft:ominous_trial_key":3,"minecraft:diamond_pickaxe":5,"minecraft:crafting_table":10,"minecraft:splash_potion":2,"minecraft:ominous_bottle":1,"minecraft:chicken":12,"minecraft:golden_pickaxe":1,"minecraft:wooden_pickaxe":5,"minecraft:shield":6,"minecraft:wind_charge":35,"minecraft:red_bed":1,"minecraft:iron_axe":3,"minecraft:flint_and_steel":3,"minecraft:iron_shovel":2,"minecraft:beef":18,"minecraft:oak_boat":2,"minecraft:poppy":2,"minecraft:light_gray_wool":1,"minecraft:sugar_cane":2,"minecraft:chest":3,"minecraft:raw_iron":301,"minecraft:oak_door":1,"minecraft:copper_ingot":2,"minecraft:carrot":164,"minecraft:redstone":46,"minecraft:arrow":104,"minecraft:diamond_chestplate":1,"minecraft:beetroot_seeds":1,"minecraft:hay_block":30,"minecraft:gold_ingot":15,"minecraft:flow_armor_trim_smithing_template":2,"minecraft:tuff_bricks":1,"minecraft:mutton":67,"minecraft:white_wool":107,"minecraft:golden_carrot":6,"minecraft:glow_ink_sac":2,"minecraft:leather":10,"minecraft:oak_log":67,"minecraft:gunpowder":4,"minecraft:cooked_mutton":3,"minecraft:iron_ingot":190,"minecraft:stone_pickaxe":2,"minecraft:cooked_chicken":2,"minecraft:heavy_core":1,"minecraft:spyglass":2,"minecraft:dripstone_block":8,"minecraft:gravel":52,"minecraft:amethyst_shard":35,"minecraft:white_bed":5,"minecraft:spider_eye":4,"minecraft:diamond_shovel":2,"minecraft:slime_ball":169,"minecraft:stone_axe":2,"minecraft:iron_helmet":1,"minecraft:diamond_axe":3,"minecraft:cherry_sapling":45,"minecraft:baked_potato":15,"minecraft:coal":1130,"minecraft:ender_pearl":1},"minecraft:custom":{"minecraft:animals_bred":2,"minecraft:interact_with_crafting_table":76,"minecraft:open_barrel":7,"minecraft:leave_game":4,"minecraft:time_since_death":35050,"minecraft:sprint_one_cm":1011022,"minecraft:damage_blocked_by_shield":5234,"minecraft:drop":136,"minecraft:talked_to_villager":47,"minecraft:play_time":343055,"minecraft:deaths":16,"minecraft:jump":8929,"minecraft:walk_on_water_one_cm":29295,"minecraft:interact_with_furnace":49,"minecraft:traded_with_villager":111,"minecraft:sleep_in_bed":8,"minecraft:damage_dealt":22428,"minecraft:player_kills":2,"minecraft:crouch_one_cm":95365,"minecraft:interact_with_smoker":2,"minecraft:inspect_dispenser":5,"minecraft:interact_with_smithing_table":4,"minecraft:mob_kills":254,"minecraft:climb_one_cm":3716,"minecraft:walk_one_cm":915801,"minecraft:sneak_time":34382,"minecraft:walk_under_water_one_cm":18820,"minecraft:boat_one_cm":64479,"minecraft:interact_with_blast_furnace":1,"minecraft:total_world_time":343055,"minecraft:time_since_rest":384,"minecraft:damage_taken":8992,"minecraft:swim_one_cm":55714,"minecraft:fly_one_cm":1579630,"minecraft:open_chest":63,"minecraft:fall_one_cm":285493},"minecraft:broken":{"minecraft:shield":1,"minecraft:iron_axe":1}},"DataVersion":3953}